Pro Report by Invoice of EZPay Paymets for 12-19-25  Page 1
Memb       Inv.       Inv-Gross     Discount         Sub-Net      EZ-Disc          EZ-Net    ARH-PAID    Member Name...................

1675    1007597        3,990.00                     3,990.00        39.90        3,950.10    12/12/25    RA-LIN, Inc.
1675    1007952          144.83         2.90          141.93         1.45          140.48    12/12/25
1675    1008099          295.64         5.91          289.73         2.96          286.77    12/12/25
1675    1008532          208.20                       208.20         2.08          206.12    12/12/25
                   ------------    ---------    ------------    ---------    ------------
                       4,638.67         8.81        4,629.86        46.39        4,583.47                RA-LIN, Inc.

1720    1007215          143.99                       143.99         1.44          143.99    12/12/25    Biggs Camera Image Ctr
1720    1007638        3,990.00                     3,990.00        39.90        3,950.10    12/12/25
1720    1007906          364.46                       364.46         3.64          360.82    12/12/25
1720    1007914          162.40                       162.40         1.62          160.78    12/12/25
1720    1008144        1,149.42                     1,149.42        11.49        1,149.42    12/12/25
1720    1008277          -50.00                       -50.00                       -50.00    12/12/25
1720    1008353        1,384.98                     1,384.98        13.85        1,371.13    12/12/25
1720    1008427        1,777.10                     1,777.10        17.77        1,759.33    12/12/25
1720    1008433        2,395.50                     2,395.50        23.96        2,395.50    12/12/25
                   ------------    ---------    ------------    ---------    ------------
                      11,317.85                    11,317.85       113.67       11,241.07                Biggs Camera Image Ctr

1810    1007364          165.90         3.32          162.58         1.66          160.92    12/12/25    Cardinal Camera & Video
1810    1007366          331.80         6.64          325.16         3.32          321.84    12/12/25
1810    1007371          398.16         7.96          390.20         3.98          386.22    12/12/25
1810    1007450          140.00         2.80          137.20         1.40          135.80    12/12/25
1810    1007454        1,656.39                     1,656.39        16.56        1,639.83    12/12/25
1810    1007455           95.05                        95.05         0.95           94.10    12/12/25
1810    1007456          674.40        13.49          660.91         6.74          654.17    12/12/25
1810    1007537        3,990.00                     3,990.00        39.90        3,950.10    12/12/25
1810    1007837          511.37        10.23          501.14         5.11          496.03    12/12/25
1810    1007843        2,733.03                     2,733.03        27.33        2,705.70    12/12/25
1810    1007849        3,478.42                     3,478.42        34.78        3,443.64    12/12/25
1810    1007931        1,343.96                     1,343.96        13.44        1,330.52    12/12/25
1810    1007935        2,923.84                     2,923.84        29.24        2,894.60    12/12/25
1810    1007938        1,656.38                     1,656.38        16.56        1,639.82    12/12/25
1810    1007955        2,733.05                     2,733.05        27.33        2,705.72    12/12/25
1810    1007962        1,810.47        36.21        1,774.26        18.10        1,756.16    12/12/25
1810    1008058          142.65         2.85          139.80         1.43          138.37    12/12/25
1810    1008213          767.88                       767.88         7.68          760.20    12/12/25
1810    1008256          432.90                       432.90         4.33          428.57    12/12/25
1810    1008260           64.50         1.29           63.21         0.65           62.56    12/12/25
1810    1008261        1,547.07                     1,547.07        15.47        1,531.60    12/12/25
1810    1008271           11.58                        11.58         0.12           11.46    12/12/25
1810    1008335          665.00                       665.00         6.65          658.35    12/12/25
1810    1008336          622.25                       622.25         6.22          616.03    12/12/25
1810    1008341          625.00                       625.00         6.25          618.75    12/12/25
1810    1008406        1,896.28                     1,896.28        18.96        1,877.32    12/12/25
1810    1008473          398.00         7.96          390.04         3.98          386.06    12/12/25
1810    1008478          550.58        11.01          539.57         5.51          534.06    12/12/25
1810    1008490          948.14                       948.14         9.48          938.66    12/12/25
1810    1008573         -750.00                      -750.00                      -750.00    12/12/25
                   ------------    ---------    ------------    ---------    ------------
                      32,564.05       103.76       32,460.29       333.13       32,127.16                Cardinal Camera & Video

2035    1007764          127.63                       127.63         1.28          127.63    12/12/25    CCCP
2035    1007853          774.00                       774.00         7.74          774.00    12/12/25
2035    1008027          219.00                       219.00         2.19          219.00    12/12/25
2035    1008029          170.00                       170.00         1.70          170.00    12/12/25
                   ------------    ---------    ------------    ---------    ------------
                       1,290.63                     1,290.63        12.91        1,290.63                CCCP

2451    1000120          561.20                       561.20                       561.20    12/12/25    Camera Corner Inc. (IA)
2451    1001434          796.32                       796.32                       796.32    12/12/25
2451    1002114          232.01                       232.01                       232.01    12/12/25
2451    1002194           56.92                        56.92                        56.92    12/12/25
2451    1002198          151.92                       151.92                       151.92    12/12/25
2451    1002588           73.48                        73.48                        73.48    12/12/25
2451    1003793           96.36                        96.36                        96.36    12/12/25
2451    1004021          441.20                       441.20                       441.20    12/12/25
2451    1004349          227.90                       227.90                       227.90    12/12/25
2451    1004478          553.54                       553.54                       553.54    12/12/25
2451    1004555          362.40                       362.40                       362.40    12/12/25
2451    1004717          199.87                       199.87                       199.87    12/12/25
                   ------------    ---------    ------------    ---------    ------------
                       3,753.12                     3,753.12                     3,753.12                Camera Corner Inc. (IA)

2542    1007498        3,990.00                     3,990.00        39.90        3,950.10    12/12/25    Harolds Photo Ctr Inc
2542    1007748          290.06         5.80          284.26         2.90          281.36    12/12/25
2542    1007752          331.91                       331.91         3.32          328.59    12/12/25
2542    1007860           51.05         1.02           50.03         0.51           49.52    12/12/25
2542    1008342        1,104.55                     1,104.55        11.05        1,093.50    12/12/25
                   ------------    ---------    ------------    ---------    ------------
                       5,767.57         6.82        5,760.75        57.68        5,703.07                Harolds Photo Ctr Inc

2591    1007347          132.72         2.65          130.07         1.33          128.74    12/12/25    Camcor, Inc.
2591    1007554        3,990.00                     3,990.00        39.90        3,950.10    12/12/25
2591    1007911           81.20                        81.20         0.81           80.39    12/12/25
2591    1007972          541.95        10.84          531.11         5.42          525.69    12/12/25
2591    1007976          123.60                       123.60         1.24          122.36    12/12/25
2591    1008090          140.40         2.81          137.59         1.40          136.19    12/12/25
                   ------------    ---------    ------------    ---------    ------------
                       5,009.87        16.30        4,993.57        50.10        4,943.47                Camcor, Inc.

2626    1007368           66.36         1.33           65.03         0.66           64.37    12/12/25    Dan's Camera City
2626    1007543        3,990.00                     3,990.00        39.90        3,950.10    12/12/25
2626    1008132          343.88         6.88          337.00         3.44          333.56    12/12/25
2626    1008162        2,372.16                     2,372.16        23.72        2,348.44    12/12/25
2626    1008164          116.31         2.33          113.98         1.16          112.82    12/12/25
2626    1008999         -405.00                      -405.00                      -405.00    12/12/25
2626    1009049         -283.50                      -283.50                      -283.50    12/12/25
                   ------------    ---------    ------------    ---------    ------------
                       6,200.21        10.54        6,189.67        68.88        6,120.79                Dan's Camera City

2633    1007579          350.00                       350.00         3.50          346.50    12/12/25    PJ's Camera & Photo Corp.
                   ------------    ---------    ------------    ---------    ------------
                         350.00                       350.00         3.50          346.50                PJ's Camera & Photo Corp.

2661    1007177           33.18                        33.18         0.33           33.18    12/12/25    Calagaz Photo Sup Inc
2661    1007179           33.18                        33.18         0.33           33.18    12/12/25
2661    1007181           20.57                        20.57         0.21           20.57    12/12/25
2661    1007182           33.18                        33.18         0.33           33.18    12/12/25
2661    1007184           33.18                        33.18         0.33           33.18    12/12/25
2661    1007185           33.18                        33.18         0.33           33.18    12/12/25
2661    1007290          328.75                       328.75         3.29          328.75    12/12/25
2661    1007405          128.79                       128.79         1.29          128.79    12/12/25
2661    1007409          349.44                       349.44         3.49          345.95    12/12/25
2661    1007536          350.00                       350.00         3.50          346.50    12/12/25
2661    1008109           17.55                        17.55         0.18           17.55    12/12/25
                   ------------    ---------    ------------    ---------    ------------
                       1,361.00                     1,361.00        13.61        1,354.01                Calagaz Photo Sup Inc

2668    1007178           66.36         1.33           65.03         0.66           64.37    12/12/25    Colonial Photo Hobby Inc.
2668    1007180           66.36         1.33           65.03         0.66           64.37    12/12/25
2668    1007183           66.36         1.33           65.03         0.66           64.37    12/12/25
2668    1007186           66.36         1.33           65.03         0.66           64.37    12/12/25
2668    1007237           24.12         0.48           23.64         0.24           23.40    12/12/25
2668    1007239           37.41         0.75           36.66         0.37           36.29    12/12/25
2668    1007246           37.41         0.75           36.66         0.37           36.29    12/12/25
2668    1007457          127.73         2.55          125.18         1.28          123.90    12/12/25
2668    1007466          118.89         2.38          116.51         1.19          115.32    12/12/25
2668    1007571        3,990.00                     3,990.00        39.90        3,950.10    12/12/25
2668    1007676        1,679.96                     1,679.96        16.80        1,663.16    12/12/25
2668    1007743          955.11        19.10          936.01         9.55          926.46    12/12/25
2668    1007762        1,239.78        24.80        1,214.98        12.40        1,202.58    12/12/25
2668    1007766          397.67                       397.67         3.98          393.69    12/12/25
2668    1007940          428.78                       428.78         4.29          424.49    12/12/25
2668    1007964           61.17         1.22           59.95         0.61           59.34    12/12/25
2668    1008017          870.95        17.42          853.53         8.71          844.82    12/12/25
2668    1008030           41.50         0.83           40.67         0.42           40.25    12/12/25
2668    1008102           35.10         0.70           34.40         0.35           34.05    12/12/25
2668    1008150          166.76                       166.76         1.67          165.09    12/12/25
2668    1008154        1,679.96                     1,679.96        16.80        1,663.16    12/12/25
2668    1008171          389.67         7.79          381.88         3.90          377.98    12/12/25
2668    1008279         -150.00                      -150.00                      -150.00    12/12/25
2668    1008436          452.84         9.06          443.78         4.53          439.25    12/12/25
2668    1008485        1,582.03                     1,582.03        15.82        1,566.21    12/12/25
2668    1008993         -243.00                      -243.00                      -243.00    12/12/25
2668    1008994           -8.00                        -8.00                        -8.00    12/12/25
2668    1008995           -8.00                        -8.00                        -8.00    12/12/25
2668    1008996          -28.50                       -28.50                       -28.50    12/12/25
2668    1008997          -36.00                       -36.00                       -36.00    12/12/25
2668    1008998           -3.60                        -3.60                        -3.60    12/12/25
                   ------------    ---------    ------------    ---------    ------------
                      14,105.18        93.15       14,012.03       145.82       13,866.21                Colonial Photo Hobby Inc.

2675     999643           83.78         1.68           82.10                        82.10    12/12/25    Deville Cam & Video Inc
2675    1000715        1,110.00        22.20        1,087.80                     1,087.80    12/12/25
2675    1000719          642.53                       642.53                       642.53    12/12/25
2675    1000734          731.77        14.64          717.13                       717.13    12/12/25
2675    1000814        1,838.28        18.38        1,819.90                     1,819.90    12/12/25
2675    1000932           56.96                        56.96                        56.96    12/12/25
2675    1001046        1,511.96                     1,511.96                     1,511.96    12/12/25
2675    1002118          179.16         3.58          175.58                       175.58    12/12/25
2675    1002196          389.58                       389.58                       389.58    12/12/25
2675    1002199          378.89         7.58          371.31                       371.31    12/12/25
2675    1003061           68.32                        68.32                        68.32    12/12/25
2675    1003064          516.15        10.32          505.83                       505.83    12/12/25
2675    1003085           18.27         0.37           17.90                        17.90    12/12/25
2675    1003597          133.60                       133.60                       133.60    12/12/25
2675    1003607        1,056.82                     1,056.82                     1,056.82    12/12/25
2675    1003614          164.69         3.29          161.40                       161.40    12/12/25
2675    1003674          112.22         2.24          109.98                       109.98    12/12/25
2675    1003737           53.62                        53.62                        53.62    12/12/25
2675    1003782          104.64         2.09          102.55                       102.55    12/12/25
2675    1003786          104.64         2.09          102.55                       102.55    12/12/25
2675    1004400          216.70                       216.70                       216.70    12/12/25
2675    1004407          473.78         9.48          464.30                       464.30    12/12/25
2675    1004419          224.12         4.48          219.64                       219.64    12/12/25
2675    1004475        1,505.55                     1,505.55                     1,505.55    12/12/25
2675    1005106           74.60                        74.60                        74.60    12/12/25
2675    1005409           27.72         0.55           27.17                        27.17    12/12/25
2675    1005459          515.69                       515.69                       515.69    12/12/25
2675    1005466          247.57         4.95          242.62                       242.62    12/12/25
                   ------------    ---------    ------------    ---------    ------------
                      12,541.61       107.92       12,433.69                    12,433.69                Deville Cam & Video Inc

2682     993045       11,026.31                    11,026.31                    11,026.31    12/12/25    Madison Photo Shop
                   ------------    ---------    ------------    ---------    ------------
                      11,026.31                    11,026.31                    11,026.31                Madison Photo Shop

2696    1007526        3,990.00                     3,990.00        39.90        3,950.10    12/12/25    Van Tuil Disc Photo
                   ------------    ---------    ------------    ---------    ------------
                       3,990.00                     3,990.00        39.90        3,950.10                Van Tuil Disc Photo

2766    1007191          765.12                       765.12         7.65          765.12    12/12/25    Mike's Camera Inc
2766    1007196          402.60                       402.60         4.03          402.60    12/12/25
2766    1007512        3,990.00                     3,990.00        39.90        3,950.10    12/12/25
2766    1007730        6,106.93                     6,106.93        61.07        6,106.93    12/12/25
2766    1007814        2,308.38                     2,308.38        23.08        2,285.30    12/12/25
2766    1007816        3,478.42                     3,478.42        34.78        3,443.64    12/12/25
2766    1007926          323.96                       323.96         3.24          320.72    12/12/25
2766    1008025        1,345.86                     1,345.86        13.46        1,345.86    12/12/25
2766    1008059       14,584.46                    14,584.46       145.84       14,584.46    12/12/25
2766    1008238        6,781.08                     6,781.08        67.81        6,781.08    12/12/25
2766    1008411          143.00                       143.00         1.43          143.00    12/12/25
2766    1008520        9,560.22                     9,560.22        95.60        9,560.22    12/12/25
2766    1008539          891.84                       891.84         8.92          891.84    12/12/25
2766    1008563        1,101.16                     1,101.16        11.01        1,101.16    12/12/25
2766    1008582         -949.46                      -949.46                      -949.46    12/12/25
2766    1009026       -1,296.00                    -1,296.00                    -1,296.00    12/12/25
2766    1009028       -1,701.00                    -1,701.00                    -1,701.00    12/12/25
2766    1009033          -80.00                       -80.00                       -80.00    12/12/25
2766    1009034         -279.00                      -279.00                      -279.00    12/12/25
2766    1009044         -450.00                      -450.00                      -450.00    12/12/25
2766    1009775       -1,343.89                    -1,343.89                    -1,343.89    12/12/25
2766    1009777         -485.09                      -485.09                      -485.09    12/12/25
                   ------------    ---------    ------------    ---------    ------------
                      45,198.59                    45,198.59       517.82       45,097.59                Mike's Camera Inc

2780    1007363          155.48         3.11          152.37         1.55          150.82    12/12/25    Bergen County Camera Inc
2780    1007365           66.36         1.33           65.03         0.66           64.37    12/12/25
2780    1007370           66.36         1.33           65.03         0.66           64.37    12/12/25
2780    1007388           95.10         1.90           93.20         0.95           92.25    12/12/25
2780    1007574        3,990.00                     3,990.00        39.90        3,950.10    12/12/25
2780    1007949          937.68        18.75          918.93         9.38          909.55    12/12/25
2780    1008050          237.50         4.75          232.75         2.38          230.37    12/12/25
2780    1008073          935.00        18.70          916.30         9.35          906.95    12/12/25
2780    1008097        1,372.52        27.45        1,345.07        13.73        1,331.34    12/12/25
2780    1008116        1,037.46                     1,037.46        10.37        1,027.09    12/12/25
2780    1008217          418.09         8.36          409.73         4.18          405.55    12/12/25
2780    1008355        2,565.09                     2,565.09        25.65        2,539.44    12/12/25
2780    1008502        1,679.96                     1,679.96        16.80        1,663.16    12/12/25
2780    1008505           74.22                        74.22         0.74           73.48    12/12/25
2780    1009001          -81.00                       -81.00                       -81.00    12/12/25
                   ------------    ---------    ------------    ---------    ------------
                      13,549.82        85.68       13,464.14       136.30       13,327.84                Bergen County Camera Inc

2843     999676          533.97        10.68          523.29                       523.29    12/12/25    Greens Camera World
2843    1000271        2,792.72        55.85        2,736.87                     2,736.87    12/12/25
2843    1000386          436.40         8.73          427.67                       427.67    12/12/25
2843    1000960           36.84         0.74           36.10                        36.10    12/12/25
2843    1001783          284.32         5.69          278.63                       278.63    12/12/25
2843    1009061       -1,440.00                    -1,440.00                    -1,440.00    12/12/25
                   ------------    ---------    ------------    ---------    ------------
                       2,644.25        81.69        2,562.56                     2,562.56                Greens Camera World

2871    1007197          301.93         6.04          295.89         3.02          292.87    12/12/25    Rockbrook Camera & Video
2871    1007652        3,990.00                     3,990.00        39.90        3,950.10    12/12/25
2871    1007863         -208.12                      -208.12                      -208.12    12/12/25
2871    1008210        2,895.64        57.91        2,837.73        28.96        2,808.77    12/12/25
2871    1008211          701.72        14.03          687.69         7.02          680.67    12/12/25
2871    1008222          152.46         3.05          149.41         1.52          147.89    12/12/25
2871    1008299        1,386.94                     1,386.94        13.87        1,373.07    12/12/25
2871    1008346        2,582.17                     2,582.17        25.82        2,556.35    12/12/25
                   ------------    ---------    ------------    ---------    ------------
                      11,802.74        81.03       11,721.71       120.11       11,601.60                Rockbrook Camera & Video

2878    1007233          199.08         3.98          195.10         1.99          193.11    12/12/25    Foto Forum
2878    1007515          350.00                       350.00         3.50          346.50    12/12/25
2878    1008129        1,564.22        31.28        1,532.94        15.64        1,517.30    12/12/25
2878    1008173        3,816.63        76.33        3,740.30        38.17        3,702.13    12/12/25
2878    1008179        2,054.51                     2,054.51        20.55        2,033.96    12/12/25
2878    1008540          639.70                       639.70         6.40          633.30    12/12/25
                   ------------    ---------    ------------    ---------    ------------
                       8,624.14       111.59        8,512.55        86.25        8,426.30                Foto Forum

2885    1007346          199.08         3.98          195.10         1.99          193.11    12/12/25    Murphys Camera
2885    1007541        3,990.00                     3,990.00        39.90        3,950.10    12/12/25
2885    1008087           35.10         0.70           34.40         0.35           34.05    12/12/25
2885    1008410          398.00         7.96          390.04         3.98          386.06    12/12/25
                   ------------    ---------    ------------    ---------    ------------
                       4,622.18        12.64        4,609.54        46.22        4,563.32                Murphys Camera

2913    1007471           54.56                        54.56         0.55           54.01    12/12/25    National Camera Exchange
2913    1007503        3,990.00                     3,990.00        39.90        3,950.10    12/12/25
2913    1007741          311.75                       311.75         3.12          308.63    12/12/25
2913    1007867         -515.69                      -515.69                      -515.69    12/12/25
2913    1007869         -115.62                      -115.62                      -115.62    12/12/25
2913    1007909          971.96                       971.96         9.72          962.24    12/12/25
2913    1007988        3,272.90                     3,272.90        32.73        3,240.17    12/12/25
2913    1007989          378.55                       378.55         3.79          374.76    12/12/25
2913    1007990        5,474.30                     5,474.30        54.74        5,419.56    12/12/25
2913    1007991          983.46                       983.46         9.83          973.63    12/12/25
2913    1008047          107.08                       107.08         1.07          106.01    12/12/25
2913    1008124          447.44                       447.44         4.47          442.97    12/12/25
2913    1008128        2,299.38                     2,299.38        22.99        2,276.39    12/12/25
2913    1008137          870.81                       870.81         8.71          862.10    12/12/25
2913    1008158        1,259.96                     1,259.96        12.60        1,247.36    12/12/25
2913    1008176        1,367.29                     1,367.29        13.67        1,353.62    12/12/25
2913    1008226        2,495.18                     2,495.18        24.95        2,470.23    12/12/25
2913    1008301          141.00                       141.00         1.41          139.59    12/12/25
2913    1008369        1,011.65                     1,011.65        10.12        1,001.53    12/12/25
2913    1008370           48.51                        48.51         0.49           48.02    12/12/25
2913    1008421          388.23                       388.23         3.88          384.35    12/12/25
2913    1008423          117.50                       117.50         1.18          116.32    12/12/25
2913    1008454          147.50                       147.50         1.48          146.02    12/12/25
2913    1008480          544.04                       544.04         5.44          538.60    12/12/25
2913    1008580       -2,000.00                    -2,000.00                    -2,000.00    12/12/25
2913    1008960          -10.35                       -10.35                       -10.35    12/12/25
2913    1009046       -2,308.50                    -2,308.50                    -2,308.50    12/12/25
2913    1009047           -5.00                        -5.00                        -5.00    12/12/25
                   ------------    ---------    ------------    ---------    ------------
                      21,727.89                    21,727.89       266.84       21,461.05                National Camera Exchange

2941    1007230          374.10         7.48          366.62         3.74          362.88    12/12/25    George's Camera Exchange
2941    1007428           38.04         0.76           37.28         0.38           36.90    12/12/25
2941    1007637        3,990.00                     3,990.00        39.90        3,950.10    12/12/25
2941    1008110          138.10         2.76          135.34         1.38          133.96    12/12/25
2941    1008118           35.10         0.70           34.40         0.35           34.05    12/12/25
2941    1008317          335.17         3.35          331.82         3.35          328.47    12/12/25
2941    1008318        1,003.53        10.04          993.49        10.04          983.45    12/12/25
2941    1008412           44.20         0.88           43.32         0.44           42.88    12/12/25
2941    1008549          171.60         3.43          168.17         1.72          166.45    12/12/25
2941    1008553          285.56         5.71          279.85         2.86          276.99    12/12/25
                   ------------    ---------    ------------    ---------    ------------
                       6,415.40        35.11        6,380.29        64.16        6,316.13                George's Camera Exchange

2948     995675          874.04                       874.04                       874.04    12/12/25    Camera Land (NY)
2948     995864          150.00                       150.00                       150.00    12/12/25
2948     996688        1,185.18                     1,185.18                     1,185.18    12/12/25
2948     996834        1,045.16                     1,045.16                     1,045.16    12/12/25
2948     996838          138.30                       138.30                       138.30    12/12/25
2948    1008989          -40.50                       -40.50                       -40.50    12/12/25
2948    1009000          -56.70                       -56.70                       -56.70    12/12/25
2948    1009007         -178.20                      -178.20                      -178.20    12/12/25
2948    1009353         -172.89                      -172.89                      -172.89    12/12/25
2948      S3400          390.73                       390.73         3.91          386.82    12/12/25
                   ------------    ---------    ------------    ---------    ------------
                       3,335.12                     3,335.12         3.91        3,331.21                Camera Land (NY)

3004    1007198           66.36         1.33           65.03         0.66           64.37    12/12/25    Bedford Camera & Video
3004    1007199           66.36         1.33           65.03         0.66           64.37    12/12/25
3004    1007200           66.36         1.33           65.03         0.66           64.37    12/12/25
3004    1007201           20.57         0.41           20.16         0.21           19.95    12/12/25
3004    1007202           66.36         1.33           65.03         0.66           64.37    12/12/25
3004    1007203          205.63         4.11          201.52         2.06          199.46    12/12/25
3004    1007205           20.57         0.41           20.16         0.21           19.95    12/12/25
3004    1007206          532.80        10.66          522.14         5.33          516.81    12/12/25
3004    1007257          127.89         2.56          125.33         1.28          124.05    12/12/25
3004    1007258           66.36         1.33           65.03         0.66           64.37    12/12/25
3004    1007259           59.72         1.19           58.53         0.60           57.93    12/12/25
3004    1007260           33.18         0.66           32.52         0.33           32.19    12/12/25
3004    1007262          182.97         3.66          179.31         1.83          177.48    12/12/25
3004    1007264           99.54         1.99           97.55         1.00           96.55    12/12/25
3004    1007266           20.57         0.41           20.16         0.21           19.95    12/12/25
3004    1007441        8,786.67                     8,786.67        87.87        8,698.80    12/12/25
3004    1007584        3,990.00                     3,990.00        39.90        3,950.10    12/12/25
3004    1007679        1,656.38                     1,656.38        16.56        1,639.82    12/12/25
3004    1007680        1,739.21                     1,739.21        17.39        1,721.82    12/12/25
3004    1007684          971.96                       971.96         9.72          962.24    12/12/25
3004    1007745          547.70        10.95          536.75         5.48          531.27    12/12/25
3004    1007750          362.58         7.25          355.33         3.63          351.70    12/12/25
3004    1007874        1,656.38                     1,656.38        16.56        1,639.82    12/12/25
3004    1008313        3,936.71        39.37        3,897.34        39.37        3,857.97    12/12/25
3004    1008320        2,232.00        22.32        2,209.68        22.32        2,187.36    12/12/25
3004    1008321          231.09         2.31          228.78         2.31          226.47    12/12/25
3004    1008360         -532.80                      -532.80                      -532.80    12/12/25
                   ------------    ---------    ------------    ---------    ------------
                      27,213.12       114.91       27,098.21       277.47       26,820.74                Bedford Camera & Video

3039    1007577        3,990.00                     3,990.00        39.90        3,950.10    12/12/25    Paul's Photo Inc
3039    1008170          766.36        15.33          751.03         7.66          743.37    12/12/25
3039    1008364          206.42                       206.42         2.06          204.36    12/12/25
3039    1008379          314.33                       314.33         3.14          311.19    12/12/25
3039    1008435        2,358.73        47.17        2,311.56        23.59        2,287.97    12/12/25
3039    1008438          215.88                       215.88         2.16          213.72    12/12/25
                   ------------    ---------    ------------    ---------    ------------
                       7,851.72        62.50        7,789.22        78.51        7,710.71                Paul's Photo Inc

3046    1007238           66.36         1.33           65.03         0.66           64.37    12/12/25    Camera Company (WI)
3046    1007240           33.18         0.66           32.52         0.33           32.19    12/12/25
3046    1007241           99.54         1.99           97.55         1.00           96.55    12/12/25
3046    1007242           33.18         0.66           32.52         0.33           32.19    12/12/25
3046    1007243           33.18         0.66           32.52         0.33           32.19    12/12/25
3046    1007244           33.18         0.66           32.52         0.33           32.19    12/12/25
3046    1007294          159.43         3.19          156.24         1.59          154.65    12/12/25
3046    1007406          382.03         7.64          374.39         3.82          370.57    12/12/25
3046    1007412          368.89                       368.89         3.69          365.20    12/12/25
3046    1007461            9.51         0.19            9.32         0.10            9.22    12/12/25
3046    1007612        3,990.00                     3,990.00        39.90        3,950.10    12/12/25
3046    1007682           81.70                        81.70         0.82           80.88    12/12/25
3046    1007738           23.50         0.47           23.03         0.24           22.79    12/12/25
3046    1007759        2,225.65                     2,225.65        22.26        2,203.39    12/12/25
3046    1007763          301.93         6.04          295.89         3.02          292.87    12/12/25
3046    1007907           42.72                        42.72         0.43           42.29    12/12/25
3046    1007915           42.72                        42.72         0.43           42.29    12/12/25
3046    1008049          167.23         3.34          163.89         1.67          162.22    12/12/25
3046    1008121           17.55         0.35           17.20         0.18           17.02    12/12/25
3046    1008216          304.92         6.10          298.82         3.05          295.77    12/12/25
3046    1008225          384.16                       384.16         3.84          380.32    12/12/25
3046    1008229          181.68         3.63          178.05         1.82          176.23    12/12/25
3046    1008329          -50.00                       -50.00                       -50.00    12/12/25
3046    1008339          769.50                       769.50         7.70          761.80    12/12/25
                   ------------    ---------    ------------    ---------    ------------
                       9,701.74        36.91        9,664.83        97.54        9,567.29                Camera Company (WI)

3074    1007563        3,990.00                     3,990.00        39.90        3,950.10    12/12/25    Christian Photo
3074    1007742          817.21        16.34          800.87         8.17          792.70    12/12/25
3074    1007970          985.79        19.72          966.07         9.86          956.21    12/12/25
3074    1007974           95.60                        95.60         0.96           94.64    12/12/25
3074    1008373          204.44                       204.44         2.04          202.40    12/12/25
                   ------------    ---------    ------------    ---------    ------------
                       6,093.04        36.06        6,056.98        60.93        5,996.05                Christian Photo

3081     998573       -1,439.21                    -1,439.21                    -1,439.21    12/12/25    Camera Shop (MI)
3081    1004517       -2,928.89                    -2,928.89                    -2,928.89    12/12/25
3081    1007277           33.18         0.66           32.52         0.33           32.19    12/12/25
3081    1007279           33.18         0.66           32.52         0.33           32.19    12/12/25
3081    1007283           33.18         0.66           32.52         0.33           32.19    12/12/25
3081    1007285           66.36         1.33           65.03         0.66           64.37    12/12/25
3081    1007342           33.18         0.66           32.52         0.33           32.19    12/12/25
3081    1007344           33.18         0.66           32.52         0.33           32.19    12/12/25
3081    1007345          165.90         3.32          162.58         1.66          160.92    12/12/25
3081    1007348           33.18         0.66           32.52         0.33           32.19    12/12/25
3081    1007349          199.08         3.98          195.10         1.99          193.11    12/12/25
3081    1007351           33.18         0.66           32.52         0.33           32.19    12/12/25
3081    1007463          218.76         4.38          214.38         2.19          212.19    12/12/25
3081    1007492           35.00         0.70           34.30         0.35           33.95    12/12/25
3081    1007599        3,990.00                     3,990.00        39.90        3,950.10    12/12/25
3081    1007721          869.96                       869.96         8.70          861.26    12/12/25
3081    1007740           85.03         1.70           83.33         0.85           82.48    12/12/25
3081    1007910        1,376.92                     1,376.92        13.77        1,363.15    12/12/25
3081    1007941          740.73                       740.73         7.41          733.32    12/12/25
3081    1007947          666.09        13.32          652.77         6.66          646.11    12/12/25
3081    1007965          238.81         4.78          234.03         2.39          231.64    12/12/25
3081    1007969        1,183.82        23.68        1,160.14        11.84        1,148.30    12/12/25
3081    1008006          708.11                       708.11         7.08          701.03    12/12/25
3081    1008051          239.76         4.80          234.96         2.40          232.56    12/12/25
3081    1008091           17.55         0.35           17.20         0.18           17.02    12/12/25
3081    1008153        1,739.92                     1,739.92        17.40        1,722.52    12/12/25
3081    1008157        1,056.90                     1,056.90        10.57        1,046.33    12/12/25
3081    1008209          130.46         2.61          127.85         1.30          126.55    12/12/25
3081    1008267           45.54         0.91           44.63         0.46           44.17    12/12/25
3081    1008270        3,843.11                     3,843.11        38.43        3,804.68    12/12/25
3081    1008300          124.89         2.50          122.39         1.25          121.14    12/12/25
3081    1008347        1,843.80                     1,843.80        18.44        1,825.36    12/12/25
3081    1008348        1,211.08                     1,211.08        12.11        1,198.97    12/12/25
3081    1008441          166.74         3.33          163.41         1.67          161.74    12/12/25
3081    1008445          179.10         3.58          175.52         1.79          173.73    12/12/25
3081    1008448          199.00         3.98          195.02         1.99          193.03    12/12/25
3081    1008508        1,849.99                     1,849.99        18.50        1,831.49    12/12/25
3081    1008510        1,849.99                     1,849.99        18.50        1,831.49    12/12/25
3081    1008512           40.83                        40.83         0.41           40.42    12/12/25
3081    1008513          331.64                       331.64         3.32          328.32    12/12/25
3081    1008515        1,849.99                     1,849.99        18.50        1,831.49    12/12/25
3081    1008517          706.58        14.13          692.45         7.07          685.38    12/12/25
3081    1008521            7.43         0.15            7.28         0.07            7.21    12/12/25
3081    1008522          538.10        10.76          527.34         5.38          521.96    12/12/25
3081    1008523          351.47         7.03          344.44         3.51          340.93    12/12/25
3081    1008524          336.26         6.73          329.53         3.36          326.17    12/12/25
                   ------------    ---------    ------------    ---------    ------------
                      25,068.86       122.67       24,946.19       294.37       24,651.82                Camera Shop (MI)

3109    1007553        3,990.00                     3,990.00        39.90        3,950.10    12/12/25    Berger Bros Camera
3109    1007834          138.60         2.77          135.83         1.39          134.44    12/12/25
3109    1007954          876.08        17.52          858.56         8.76          849.80    12/12/25
3109    1007959          117.30                       117.30         1.17          116.13    12/12/25
3109    1007961          989.17        19.78          969.39         9.89          959.50    12/12/25
3109    1008276          -50.00                       -50.00                       -50.00    12/12/25
3109    1008325          264.00                       264.00         2.64          261.36    12/12/25
3109    1008327          -10.00                       -10.00                       -10.00    12/12/25
3109    1008475           25.96         0.52           25.44         0.26           25.18    12/12/25
3109    1008491          260.28         5.21          255.07         2.60          252.47    12/12/25
3109    1008496          514.20                       514.20         5.14          509.06    12/12/25
                   ------------    ---------    ------------    ---------    ------------
                       7,115.59        45.80        7,069.79        71.75        6,998.04                Berger Bros Camera

3123    1007225          199.08         3.98          195.10         1.99          193.11    12/12/25    Fireside Camera Inc
3123    1007401           18.48         0.37           18.11         0.18           17.93    12/12/25
3123    1007439          120.96         2.42          118.54         1.21          117.33    12/12/25
3123    1007619        3,990.00                     3,990.00        39.90        3,950.10    12/12/25
3123    1008115          389.23         7.78          381.45         3.89          377.56    12/12/25
3123    1008143          556.83                       556.83         5.57          551.26    12/12/25
3123    1008334          -20.00                       -20.00                       -20.00    12/12/25
3123    1008494          809.92                       809.92         8.10          801.82    12/12/25
3123    1008535           50.70         1.01           49.69         0.51           49.18    12/12/25
3123    1008568       -2,052.90                    -2,052.90                    -2,052.90    12/10/25
                   ------------    ---------    ------------    ---------    ------------
                       4,062.30        15.56        4,046.74        61.35        3,985.39                Fireside Camera Inc

3130    1007653        3,990.00                     3,990.00        39.90        3,950.10    12/12/25    Richmond Camera Shop Inc
                   ------------    ---------    ------------    ---------    ------------
                       3,990.00                     3,990.00        39.90        3,950.10                Richmond Camera Shop Inc

3151    1007393          118.04         2.36          115.68         1.18          114.50    12/12/25    Glazer's Camera Supply
3151    1007398           66.00         1.32           64.68         0.66           64.02    12/12/25
3151    1007425           66.44         1.33           65.11         0.66           64.45    12/12/25
3151    1007429           46.76         0.94           45.82         0.47           45.35    12/12/25
3151    1007580        3,990.00                     3,990.00        39.90        3,950.10    12/12/25
3151    1007685        2,981.49                     2,981.49        29.81        2,951.68    12/12/25
3151    1007687          137.56         2.75          134.81         1.38          133.43    12/12/25
3151    1007693        4,584.38                     4,584.38        45.84        4,538.54    12/12/25
3151    1007756           23.16         0.46           22.70         0.23           22.47    12/12/25
3151    1007822        3,478.42                     3,478.42        34.78        3,443.64    12/12/25
3151    1007859          682.81        13.66          669.15         6.83          662.32    12/12/25
3151    1007922          364.46                       364.46         3.64          360.82    12/12/25
3151    1007928        5,669.80                     5,669.80        56.70        5,613.10    12/12/25
3151    1007930          566.96                       566.96         5.67          561.29    12/12/25
3151    1008015        4,013.66                     4,013.66        40.14        3,973.52    12/12/25
3151    1008021        1,000.06        20.00          980.06        10.00          970.06    12/12/25
3151    1008039           42.71         0.85           41.86         0.43           41.43    12/12/25
3151    1008141        5,375.84                     5,375.84        53.76        5,322.08    12/12/25
3151    1008282          -50.00                       -50.00                       -50.00    12/12/25
3151    1008387          376.20                       376.20         3.76          372.44    12/12/25
3151    1008397          983.32                       983.32         9.83          973.49    12/12/25
3151    1008547          550.58        11.01          539.57         5.51          534.06    12/12/25
3151    1008548          420.25         8.41          411.84         4.20          407.64    12/12/25
3151    1008550          254.10         5.08          249.02         2.54          246.48    12/12/25
3151    1008973         -445.50                      -445.50                      -445.50    12/12/25
                   ------------    ---------    ------------    ---------    ------------
                      35,297.50        68.17       35,229.33       357.92       34,871.41                Glazer's Camera Supply

3172    1006396        8,544.00                     8,544.00                     8,544.00    12/12/25    Neptune Photo Inc
3172    1006725        7,348.00                     7,348.00                     7,348.00    12/12/25
3172    1006732          771.54                       771.54                       771.54    12/12/25
3172    1007506          350.00                       350.00         3.50          346.50    12/12/25
3172    1008096       76,525.76                    76,525.76       765.26       75,760.50    12/12/25
                   ------------    ---------    ------------    ---------    ------------
                      93,539.30                    93,539.30       768.76       92,770.54                Neptune Photo Inc

3214    1007300          165.90         3.32          162.58         1.66          160.92    12/12/25    Milford Photo Inc
3214    1007304          165.90         3.32          162.58         1.66          160.92    12/12/25
3214    1007305          175.22         3.50          171.72         1.75          169.97    12/12/25
3214    1007755          214.43         4.29          210.14         2.14          208.00    12/12/25
3214    1007768          214.43         4.29          210.14         2.14          208.00    12/12/25
3214    1007840          888.54        17.77          870.77         8.89          861.88    12/12/25
3214    1007958        4,142.52        82.85        4,059.67        41.43        4,018.24    12/12/25
3214    1007963        3,638.59                     3,638.59        36.39        3,602.20    12/12/25
3214    1007994           44.31         0.89           43.42         0.44           42.98    12/12/25
3214    1007996           12.72         0.25           12.47         0.13           12.34    12/12/25
3214    1008076          505.18        10.10          495.08         5.05          490.03    12/12/25
3214    1008078          108.85                       108.85         1.09          107.76    12/12/25
3214    1008079        2,020.97                     2,020.97        20.21        2,000.76    12/12/25
3214    1008138          699.96        14.00          685.96         7.00          678.96    12/12/25
3214    1008322          504.06         5.04          499.02         5.04          493.98    12/12/25
3214    1008323          813.36         8.13          805.23         8.13          797.10    12/12/25
3214    1008324          620.40         6.20          614.20         6.20          608.00    12/12/25
3214    1008401          495.20         9.90          485.30         4.95          480.35    12/12/25
3214    1008403          269.98         5.40          264.58         2.70          261.88    12/12/25
3214    1008474          597.00        11.94          585.06         5.97          579.09    12/12/25
3214    1008497       13,076.30                    13,076.30       130.76       12,945.54    12/12/25
3214    1008506        5,711.88                     5,711.88        57.12        5,654.76    12/12/25
3214    1008956          -40.50                       -40.50                       -40.50    12/12/25
3214    1008957         -240.00                      -240.00                      -240.00    12/12/25
3214    1008968          -37.50                       -37.50                       -37.50    12/12/25
3214    1008969          -37.50                       -37.50                       -37.50    12/12/25
3214    1008970         -320.00                      -320.00                      -320.00    12/12/25
3214    1008972         -137.70                      -137.70                      -137.70    12/12/25
3214    1008979          -40.50                       -40.50                       -40.50    12/12/25
3214    1008990         -162.00                      -162.00                      -162.00    12/12/25
3214    1008991         -162.00                      -162.00                      -162.00    12/12/25
3214    1009002          -75.00                       -75.00                       -75.00    12/12/25
3214    1009018          -40.50                       -40.50                       -40.50    12/12/25
3214    1009019         -162.00                      -162.00                      -162.00    12/12/25
                   ------------    ---------    ------------    ---------    ------------
                      33,630.50       191.19       33,439.31       350.85       33,088.46                Milford Photo Inc

3221    1004610           72.26         1.45           70.81                        70.81    12/12/25    Camera Casino
3221    1004716          123.46         2.47          120.99                       120.99    12/12/25
3221    1005142          227.90                       227.90                       227.90    12/12/25
3221    1006941          530.54         5.31          525.23                       525.23    12/12/25
3221    1007209           99.54         1.99           97.55         1.00           96.55    12/12/25
3221    1007245           74.82         1.50           73.32         0.75           72.57    12/12/25
3221    1007288          383.40         7.67          375.73         3.83          371.90    12/12/25
3221    1007403          189.92         3.80          186.12         1.90          184.22    12/12/25
3221    1007410           21.75                        21.75         0.22           21.53    12/12/25
3221    1007561          350.00                       350.00         3.50          346.50    12/12/25
3221    1008024           58.35         1.17           57.18         0.58           56.60    12/12/25
3221    1008127          113.37         2.27          111.10         1.13          109.97    12/12/25
3221    1008305          256.47         5.13          251.34         2.56          248.78    12/12/25
3221    1008385        1,481.45                     1,481.45        14.81        1,466.64    12/12/25
3221    1008583       -1,723.84                    -1,723.84                    -1,723.84    12/12/25
                   ------------    ---------    ------------    ---------    ------------
                       2,259.39        32.76        2,226.63        30.28        2,196.35                Camera Casino

3228    1002946        1,619.30                     1,619.30                     1,619.30    12/12/25    Jacks Cameras Inc
3228    1002949        1,619.30                     1,619.30                     1,619.30    12/12/25
3228    1002996           90.50                        90.50                        90.50    12/12/25
3228    1003018          817.46                       817.46                       817.46    12/12/25
3228    1003082          615.96        12.32          603.64                       603.64    12/12/25
3228    1003096        4,652.96                     4,652.96                     4,652.96    12/12/25
3228    1003104          512.14        10.24          501.90                       501.90    12/12/25
3228    1003118          109.74         1.10          108.64                       108.64    12/12/25
3228    1003183        1,592.64        15.93        1,576.71                     1,576.71    12/12/25
3228    1003184        6,370.56       318.53        6,052.03                     6,052.03    12/12/25
3228    1003364          617.23        12.34          604.89                       604.89    12/12/25
3228    1003440          142.40                       142.40                       142.40    12/12/25
3228    1003443           89.00                        89.00                        89.00    12/12/25
3228    1003463       -1,551.90                    -1,551.90                    -1,551.90    12/12/25
3228    1003587           90.50                        90.50                        90.50    12/12/25
3228    1003628          534.00                       534.00                       534.00    12/12/25
3228    1003631          201.87         4.04          197.83                       197.83    12/12/25
3228    1003656           83.19                        83.19                        83.19    12/12/25
3228    1003663          635.74        12.71          623.03                       623.03    12/12/25
3228    1003820          167.04         3.34          163.70                       163.70    12/12/25
3228    1003822          251.60         5.03          246.57                       246.57    12/12/25
3228    1003826          251.60         5.03          246.57                       246.57    12/12/25
3228    1003887           89.79         1.80           87.99                        87.99    12/12/25
3228    1003935          103.56         2.07          101.49                       101.49    12/12/25
3228    1004093        5,219.76                     5,219.76                     5,219.76    12/12/25
3228    1004095        4,535.88                     4,535.88                     4,535.88    12/12/25
3228    1004096          364.46                       364.46                       364.46    12/12/25
3228    1004097        2,957.92                     2,957.92                     2,957.92    12/12/25
3228    1004099        3,023.92                     3,023.92                     3,023.92    12/12/25
3228    1004100          426.60                       426.60                       426.60    12/12/25
3228    1004102        1,652.96                     1,652.96                     1,652.96    12/12/25
3228    1004143        6,394.18                     6,394.18                     6,394.18    12/12/25
3228    1004146        1,343.96                     1,343.96                     1,343.96    12/12/25
3228    1004148        1,943.88                     1,943.88                     1,943.88    12/12/25
3228    1004150        4,451.88                     4,451.88                     4,451.88    12/12/25
3228    1004151          364.46                       364.46                       364.46    12/12/25
3228    1006018         -178.00                      -178.00                      -178.00    12/12/25
3228    1007296          771.17        15.42          755.75         7.71          748.04    12/12/25
3228    1007374          806.57        16.13          790.44         8.07          782.37    12/12/25
3228    1007381           47.55         0.95           46.60         0.48           46.12    12/12/25
3228    1007390          421.49         8.43          413.06         4.21          408.85    12/12/25
3228    1007427          124.80         2.50          122.30         1.25          121.05    12/12/25
3228    1007445          127.20                       127.20         1.27          125.93    12/12/25
3228    1007451          276.79         5.54          271.25         2.77          268.48    12/12/25
3228    1007490           37.92         0.76           37.16         0.38           36.78    12/12/25
3228    1007594        3,990.00                     3,990.00        39.90        3,950.10    12/12/25
3228    1007767          400.80         8.02          392.78         4.01          388.77    12/12/25
3228    1007832          937.93        18.76          919.17         9.38          909.79    12/12/25
3228    1007841          769.46                       769.46         7.69          761.77    12/12/25
3228    1007847        2,733.03                     2,733.03        27.33        2,705.70    12/12/25
3228    1007932        1,484.40                     1,484.40        14.84        1,469.56    12/12/25
3228    1007934          371.10                       371.10         3.71          367.39    12/12/25
3228    1007937          828.19                       828.19         8.28          819.91    12/12/25
3228    1007939          971.96                       971.96         9.72          962.24    12/12/25
3228    1007956          985.65        19.71          965.94         9.86          956.08    12/12/25
3228    1007983        1,442.50                     1,442.50        14.43        1,428.07    12/12/25
3228    1007992          458.20                       458.20         4.58          453.62    12/12/25
3228    1007999           97.89         1.96           95.93         0.98           94.95    12/12/25
3228    1008067        1,117.00        22.34        1,094.66        11.17        1,083.49    12/12/25
3228    1008071          718.00        14.36          703.64         7.18          696.46    12/12/25
3228    1008139        1,603.29        32.07        1,571.22        16.03        1,555.19    12/12/25
3228    1008246          154.92         3.10          151.82         1.55          150.27    12/12/25
3228    1008252           76.30         1.53           74.77         0.76           74.01    12/12/25
3228    1008254           90.48         1.81           88.67         0.90           87.77    12/12/25
3228    1008259          182.24                       182.24         1.82          180.42    12/12/25
3228    1008414          241.37         4.83          236.54         2.41          234.13    12/12/25
3228    1008479           73.75         1.48           72.27         0.74           71.53    12/12/25
3228    1008499           85.02                        85.02         0.85           84.17    12/12/25
3228    1008545          444.84         8.90          435.94         4.45          431.49    12/12/25
3228    1008570         -200.00                      -200.00                      -200.00    12/12/25
                   ------------    ---------    ------------    ---------    ------------
                      74,879.85       593.08       74,286.77       228.71       74,058.06                Jacks Cameras Inc

3249    1007362          439.20         8.78          430.42         4.39          426.03    12/12/25    W B Hunt Company
3249    1007369           20.57         0.41           20.16         0.21           19.95    12/12/25
3249    1007383           82.59         1.65           80.94         0.83           80.11    12/12/25
3249    1007387          222.18         4.44          217.74         2.22          215.52    12/12/25
3249    1007447        1,310.35        26.21        1,284.14        13.10        1,271.04    12/12/25
3249    1007453        1,252.58        25.05        1,227.53        12.53        1,215.00    12/12/25
3249    1007518        3,990.00                     3,990.00        39.90        3,950.10    12/12/25
3249    1007842          769.46                       769.46         7.69          761.77    12/12/25
3249    1007845        3,478.42                     3,478.42        34.78        3,443.64    12/12/25
3249    1007848          404.96                       404.96         4.05          400.91    12/12/25
3249    1007850          971.96                       971.96         9.72          962.24    12/12/25
3249    1007895        2,932.30                     2,932.30        29.32        2,902.98    12/12/25
3249    1007899          566.96                       566.96         5.67          561.29    12/12/25
3249    1007904        1,943.92                     1,943.92        19.44        1,924.48    12/12/25
3249    1007917        1,277.81        25.56        1,252.25        12.78        1,239.47    12/12/25
3249    1007919          194.04         3.88          190.16         1.94          188.22    12/12/25
3249    1007933        2,694.63                     2,694.63        26.95        2,667.68    12/12/25
3249    1007936          364.46                       364.46         3.64          360.82    12/12/25
3249    1008007       18,411.81                    18,411.81       184.12       18,227.69    12/12/25
3249    1008044        1,345.86        26.92        1,318.94        13.46        1,305.48    12/12/25
3249    1008054        1,536.60        30.73        1,505.87        15.37        1,490.50    12/12/25
3249    1008064       -8,850.00                    -8,850.00                    -8,850.00    12/12/25
3249    1008070          107.96         2.16          105.80         1.08          104.72    12/12/25
3249    1008265        5,954.15       119.08        5,835.07        59.54        5,775.53    12/12/25
3249    1008272       -2,700.00                    -2,700.00                    -2,700.00    12/12/25
3249    1008328         -300.00                      -300.00                      -300.00    12/12/25
3249    1008337        1,584.60                     1,584.60        15.85        1,568.75    12/12/25
3249    1008344        1,133.73                     1,133.73        11.34        1,122.39    12/12/25
3249    1008440        1,101.16        22.02        1,079.14        11.01        1,068.13    12/12/25
3249    1008527       10,621.72                    10,621.72       106.22       10,515.50    12/12/25
                   ------------    ---------    ------------    ---------    ------------
                      52,863.98       296.89       52,567.09       647.15       51,919.94                W B Hunt Company

3305    1007218           20.57                        20.57         0.21           20.57    12/12/25    Tuttle Cameras, Inc.
3305    1007222           18.92                        18.92         0.19           18.92    12/12/25
3305    1007608        3,990.00                     3,990.00        39.90        3,950.10    12/12/25
3305    1008393          304.85                       304.85         3.05          301.80    12/12/25
                   ------------    ---------    ------------    ---------    ------------
                       4,334.34                     4,334.34        43.35        4,291.39                Tuttle Cameras, Inc.

3312    1007297          199.08         3.98          195.10         1.99          193.11    12/12/25    The Photo Center
3312    1007302           41.14         0.82           40.32         0.41           39.91    12/12/25
3312    1007422          790.71        15.81          774.90         7.91          766.99    12/12/25
3312    1007423        1,772.72                     1,772.72        17.73        1,754.99    12/12/25
3312    1007449          861.30        17.23          844.07         8.61          835.46    12/12/25
3312    1007640        3,990.00                     3,990.00        39.90        3,950.10    12/12/25
3312    1007844           74.22                        74.22         0.74           73.48    12/12/25
3312    1007993          133.65                       133.65         1.34          132.31    12/12/25
3312    1007997          855.02        17.10          837.92         8.55          829.37    12/12/25
3312    1008202          299.53                       299.53         3.00          296.53    12/12/25
3312    1008297          -50.00                       -50.00                       -50.00    12/12/25
3312    1008472          199.00         3.98          195.02         1.99          193.03    12/12/25
                   ------------    ---------    ------------    ---------    ------------
                       9,166.37        58.92        9,107.45        92.17        9,015.28                The Photo Center

3333    1007301           48.24                        48.24         0.48           48.24    12/12/25    Livingston Camera Mart
3333    1007565          350.00                       350.00         3.50          346.50    12/12/25
3333    1008392        1,256.97                     1,256.97        12.57        1,244.40    12/12/25
                   ------------    ---------    ------------    ---------    ------------
                       1,655.21                     1,655.21        16.55        1,639.14                Livingston Camera Mart

3347    1007282          149.64         2.99          146.65         1.50          145.15    12/12/25    Kohne Camera & Photo
3347    1007629        3,990.00                     3,990.00        39.90        3,950.10    12/12/25
3347    1008198          724.36        14.49          709.87         7.24          702.63    12/12/25
3347    1008466          307.00         6.14          300.86         3.07          297.79    12/12/25
                   ------------    ---------    ------------    ---------    ------------
                       5,171.00        23.62        5,147.38        51.71        5,095.67                Kohne Camera & Photo

3361    1007524        3,990.00                     3,990.00        39.90        3,950.10    12/12/25    Fort Worth Camera
3361    1008052        2,292.23                     2,292.23        22.92        2,292.23    12/12/25
3361    1008263        1,985.82                     1,985.82        19.86        1,985.82    12/12/25
3361    1008269        1,135.05                     1,135.05        11.35        1,123.70    12/12/25
                   ------------    ---------    ------------    ---------    ------------
                       9,403.10                     9,403.10        94.03        9,351.85                Fort Worth Camera

3368     999710          750.54                       750.54                       750.54    12/12/25    Mack Camera & Video
3368     999713          179.60         3.59          176.01                       176.01    12/12/25
3368    1002901          491.03         9.82          481.21                       481.21    12/12/25
3368    1002903          401.16                       401.16                       401.16    12/12/25
3368    1003486          812.88        16.26          796.62                       796.62    12/12/25
3368    1004506         -262.46                      -262.46                      -262.46    12/12/25
3368    1005560        1,257.57        25.15        1,232.42                     1,232.42    12/12/25
3368    1007557          350.00                       350.00         3.50          346.50    12/12/25
3368    1008287          -50.00                       -50.00                       -50.00    12/12/25
3368    1008309          -23.76                       -23.76                       -23.76    12/12/25
                   ------------    ---------    ------------    ---------    ------------
                       3,906.56        54.82        3,851.74         3.50        3,848.24                Mack Camera & Video

3389    1007281          116.61         2.33          114.28         1.17          113.11    12/12/25    Norman Camera & Video
3389    1007355          126.42         2.53          123.89         1.26          122.63    12/12/25
3389    1007361          948.14                       948.14         9.48          938.66    12/12/25
3389    1007380        1,554.86        31.10        1,523.76        15.55        1,508.21    12/12/25
3389    1007426        1,035.81                     1,035.81        10.36        1,025.45    12/12/25
3389    1007430          667.43        13.35          654.08         6.67          647.41    12/12/25
3389    1007651        3,990.00                     3,990.00        39.90        3,950.10    12/12/25
3389    1007739          276.97         5.54          271.43         2.77          268.66    12/12/25
3389    1008002          923.78        18.48          905.30         9.24          896.06    12/12/25
3389    1008008          597.10                       597.10         5.97          591.13    12/12/25
3389    1008085          311.00         6.22          304.78         3.11          301.67    12/12/25
3389    1008088          359.00         7.18          351.82         3.59          348.23    12/12/25
3389    1008151          768.42                       768.42         7.68          760.74    12/12/25
3389    1008444           83.37         1.67           81.70         0.83           80.87    12/12/25
3389    1008511          519.99        10.40          509.59         5.20          504.39    12/12/25
3389    1008943         -161.38                      -161.38                      -161.38    12/12/25
                   ------------    ---------    ------------    ---------    ------------
                      12,117.52        98.80       12,018.72       122.78       11,895.94                Norman Camera & Video

3403    1007210          194.35                       194.35         1.94          194.35    12/12/25    Schillers Camera
3403    1007213           66.36                        66.36         0.66           66.36    12/12/25
3403    1007544        3,990.00                     3,990.00        39.90        3,950.10    12/12/25
3403    1007735          540.30                       540.30         5.40          540.30    12/12/25
3403    1007973        2,173.48                     2,173.48        21.73        2,173.48    12/12/25
3403    1007977          686.40                       686.40         6.86          679.54    12/12/25
3403    1008055          160.87                       160.87         1.61          160.87    12/12/25
3403    1008149          371.22                       371.22         3.71          367.51    12/12/25
3403    1008156           92.39                        92.39         0.92           91.47    12/12/25
3403    1008220          169.40                       169.40         1.69          169.40    12/12/25
3403    1008237          171.52                       171.52         1.72          169.80    12/12/25
3403    1008240        1,140.32                     1,140.32        11.40        1,140.32    12/12/25
3403    1008293          -50.00                       -50.00                       -50.00    12/12/25
3403    1008400        1,150.31                     1,150.31        11.50        1,138.81    12/12/25
3403    1008529           74.22                        74.22         0.74           73.48    12/12/25
3403    1009004         -688.50                      -688.50                      -688.50    12/12/25
                   ------------    ---------    ------------    ---------    ------------
                      10,242.64                    10,242.64       109.78       10,177.29                Schillers Camera

3410    1007278          100.92         2.02           98.90         1.01           97.89    12/12/25    Roberts Distributors LP
3410    1007286          765.12        15.30          749.82         7.65          742.17    12/12/25
3410    1007718        3,478.42                     3,478.42        34.78        3,443.64    12/12/25
3410    1007722          222.66                       222.66         2.23          220.43    12/12/25
3410    1007942          900.03        18.00          882.03         9.00          873.03    12/12/25
3410    1007944           27.87         0.56           27.31         0.28           27.03    12/12/25
3410    1007948          976.74                       976.74         9.77          966.97    12/12/25
3410    1007968          523.53        10.47          513.06         5.24          507.82    12/12/25
3410    1008026        1,345.86        26.92        1,318.94        13.46        1,305.48    12/12/25
3410    1008086          227.69         4.55          223.14         2.28          220.86    12/12/25
3410    1008092          434.15         8.68          425.47         4.34          421.13    12/12/25
3410    1008155          170.04                       170.04         1.70          168.34    12/12/25
3410    1008227        7,404.85                     7,404.85        74.05        7,330.80    12/12/25
3410    1008314          230.72         2.31          228.41         2.31          226.10    12/12/25
3410    1008361          -82.50                       -82.50                       -82.50    12/12/25
3410    1008375        1,207.80                     1,207.80        12.08        1,195.72    12/12/25
3410    1008384           36.63                        36.63         0.37           36.26    12/12/25
3410    1008428           76.69         1.53           75.16         0.77           74.39    12/12/25
3410    1008449          597.00        11.94          585.06         5.97          579.09    12/12/25
3410    1009043       -1,401.30                    -1,401.30                    -1,401.30    12/12/25
                   ------------    ---------    ------------    ---------    ------------
                      17,242.92       102.28       17,140.64       187.29       16,953.35                Roberts Distributors LP

3424    1007284           33.18         0.66           32.52         0.33           32.19    12/12/25    Vans Camera Inc.
3424    1007644        3,990.00                     3,990.00        39.90        3,950.10    12/12/25
3424    1008950          -40.50                       -40.50                       -40.50    12/12/25
3424    1009029          -40.50                       -40.50                       -40.50    12/12/25
                   ------------    ---------    ------------    ---------    ------------
                       3,942.18         0.66        3,941.52        40.23        3,901.29                Vans Camera Inc.

3431    1007306           85.65         1.71           83.94         0.86           83.08    12/12/25    Service Photo Supply
3431    1007386          145.31         2.91          142.40         1.45          140.95    12/12/25
3431    1007494           27.28         0.55           26.73         0.27           26.46    12/12/25
3431    1007504        3,990.00                     3,990.00        39.90        3,950.10    12/12/25
3431    1007838          711.76        14.24          697.52         7.12          690.40    12/12/25
3431    1007886          547.36                       547.36         5.47          541.89    12/12/25
3431    1007893          971.96                       971.96         9.72          962.24    12/12/25
3431    1007982          699.66        13.99          685.67         7.00          678.67    12/12/25
3431    1007987           94.53                        94.53         0.95           93.58    12/12/25
3431    1007998          257.87         5.16          252.71         2.58          250.13    12/12/25
3431    1008046           41.50         0.83           40.67         0.42           40.25    12/12/25
3431    1008082        1,842.00        36.84        1,805.16        18.42        1,786.74    12/12/25
3431    1008208          228.42                       228.42         2.28          226.14    12/12/25
3431    1008294          -50.00                       -50.00                       -50.00    12/12/25
3431    1008319        1,384.36        13.84        1,370.52        13.84        1,356.68    12/12/25
3431    1008476          398.00         7.96          390.04         3.98          386.06    12/12/25
3431    1008482        2,348.73        46.97        2,301.76        23.49        2,278.27    12/12/25
3431    1008525        1,339.74        26.79        1,312.95        13.40        1,299.55    12/12/25
3431    1008566         -228.42                      -228.42                      -228.42    12/12/25
3431    1008567          -28.48                       -28.48                       -28.48    12/12/25
                   ------------    ---------    ------------    ---------    ------------
                      14,807.23       171.79       14,635.44       151.15       14,484.29                Service Photo Supply

3438    1007534          350.00                       350.00         3.50          346.50    12/12/25    McClanahan Camera
3438    1008357        2,209.66                     2,209.66        22.10        2,187.56    12/12/25
3438    1008358           86.70                        86.70         0.87           85.83    12/12/25
                   ------------    ---------    ------------    ---------    ------------
                       2,646.36                     2,646.36        26.47        2,619.89                McClanahan Camera

3445    1007569        3,990.00                     3,990.00        39.90        3,950.10    12/12/25    The Shutterbug, Inc.
3445    1007950           69.11         1.38           67.73         0.69           67.04    12/12/25
                   ------------    ---------    ------------    ---------    ------------
                       4,059.11         1.38        4,057.73        40.59        4,017.14                The Shutterbug, Inc.

3452    1007397        1,332.46        26.65        1,305.81        13.32        1,292.49    12/12/25    Samy's Camera Inc
3452    1007418          802.42        16.05          786.37         8.02          778.35    12/12/25
3452    1007601        3,990.00                     3,990.00        39.90        3,950.10    12/12/25
3452    1007669          950.00                       950.00         9.50          940.50    12/12/25
3452    1007670        1,375.00                     1,375.00        13.75        1,361.25    12/12/25
3452    1007671        1,375.00                     1,375.00        13.75        1,361.25    12/12/25
3452    1007689        3,821.81        76.44        3,745.37        38.22        3,707.15    12/12/25
3452    1007690        1,719.20        34.38        1,684.82        17.19        1,667.63    12/12/25
3452    1007805        6,956.84                     6,956.84        69.57        6,887.27    12/12/25
3452    1007851           63.60         1.27           62.33         0.64           61.69    12/12/25
3452    1008036          504.70        10.09          494.61         5.05          489.56    12/12/25
3452    1008040          124.50         2.49          122.01         1.25          120.76    12/12/25
3452    1008065         -390.00                      -390.00                      -390.00    12/12/25
3452    1008292          -50.00                       -50.00                       -50.00    12/12/25
3452    1008546        1,393.00        27.86        1,365.14        13.93        1,351.21    12/12/25
3452    1008552           43.86         0.88           42.98         0.44           42.54    12/12/25
3452    1008554        1,101.16        22.02        1,079.14        11.01        1,068.13    12/12/25
3452    1009005         -769.50                      -769.50                      -769.50    12/12/25
3452    1009006         -364.50                      -364.50                      -364.50    12/12/25
                   ------------    ---------    ------------    ---------    ------------
                      23,979.55       218.13       23,761.42       255.54       23,505.88                Samy's Camera Inc

3459    1007298           33.18                        33.18         0.33           33.18    12/12/25    District Camera & Imaging
3459    1007303           41.14                        41.14         0.41           41.14    12/12/25
3459    1007314           74.68                        74.68         0.75           74.68    12/12/25
3459    1007359          156.66                       156.66         1.57          156.66    12/12/25
3459    1007634        3,990.00                     3,990.00        39.90        3,950.10    12/12/25
3459    1007833          250.68                       250.68         2.51          250.68    12/12/25
3459    1007890          299.68                       299.68         3.00          296.68    12/12/25
3459    1007979          568.10                       568.10         5.68          568.10    12/12/25
3459    1007980           77.75                        77.75         0.78           76.97    12/12/25
3459    1007985        3,614.27                     3,614.27        36.14        3,614.27    12/12/25
3459    1008068          144.90                       144.90         1.45          144.90    12/12/25
3459    1008383         -500.00                      -500.00                      -500.00    12/12/25
3459    1008477          550.58                       550.58         5.51          550.58    12/12/25
3459    1008574       -2,850.00                    -2,850.00                    -2,850.00    12/12/25
                   ------------    ---------    ------------    ---------    ------------
                       6,451.62                     6,451.62        98.03        6,407.94                District Camera & Imaging

3508    1001833          350.00                       350.00                       350.00    12/12/25    LA Cameras
                   ------------    ---------    ------------    ---------    ------------
                         350.00                       350.00                       350.00                LA Cameras

3529    1007221           24.12         0.48           23.64         0.24           23.40    12/12/25    Tempe Camera
3529    1007226           24.12         0.48           23.64         0.24           23.40    12/12/25
3529    1007402           41.26         0.83           40.43         0.41           40.02    12/12/25
3529    1007415          127.73         2.55          125.18         1.28          123.90    12/12/25
3529    1007615          350.00                       350.00         3.50          346.50    12/12/25
3529    1007925          283.46                       283.46         2.83          280.63    12/12/25
3529    1008136          420.42         8.41          412.01         4.20          407.81    12/12/25
3529    1008177          512.99        10.26          502.73         5.13          497.60    12/12/25
3529    1008180        1,190.77                     1,190.77        11.91        1,178.86    12/12/25
3529    1008351        1,222.34                     1,222.34        12.22        1,210.12    12/12/25
3529    1008942         -116.22                      -116.22                      -116.22    12/12/25
3529    1009039         -648.00                      -648.00                      -648.00    12/12/25
                   ------------    ---------    ------------    ---------    ------------
                       3,432.99        23.01        3,409.98        41.96        3,368.02                Tempe Camera

3543    1007367          165.90         3.32          162.58         1.66          160.92    12/12/25    YM Camera
3543    1007511        3,990.00                     3,990.00        39.90        3,950.10    12/12/25
3543    1007918          766.24        15.32          750.92         7.66          743.26    12/12/25
3543    1008003          298.17         5.96          292.21         2.98          289.23    12/12/25
                   ------------    ---------    ------------    ---------    ------------
                       5,220.31        24.60        5,195.71        52.20        5,143.51                YM Camera

3550    1007263          165.90         3.32          162.58         1.66          160.92    12/12/25    Houston Camera Exchange
3550    1007462          532.20        10.64          521.56         5.32          516.24    12/12/25
3550    1007539        3,990.00                     3,990.00        39.90        3,950.10    12/12/25
3550    1007749          685.17        13.70          671.47         6.85          664.62    12/12/25
3550    1007753          644.95                       644.95         6.45          638.50    12/12/25
3550    1007852        1,179.70        23.59        1,156.11        11.80        1,144.31    12/12/25
3550    1007878          427.20                       427.20         4.27          422.93    12/12/25
3550    1007880          566.96                       566.96         5.67          561.29    12/12/25
3550    1008185          371.22                       371.22         3.71          367.51    12/12/25
3550    1008192          148.44                       148.44         1.48          146.96    12/12/25
3550    1008402        2,215.22        44.30        2,170.92        22.15        2,148.77    12/12/25
3550    1008498        1,875.78        37.52        1,838.26        18.76        1,819.50    12/12/25
3550    1008531        2,003.92                     2,003.92        20.04        1,983.88    12/12/25
                   ------------    ---------    ------------    ---------    ------------
                      14,806.66       133.07       14,673.59       148.06       14,525.53                Houston Camera Exchange

3564    1007394          272.80         5.46          267.34         2.73          264.61    12/12/25    Horn Photo Inc
3564    1007607        3,990.00                     3,990.00        39.90        3,950.10    12/12/25
3564    1007802        1,739.21                     1,739.21        17.39        1,721.82    12/12/25
3564    1007809          828.19                       828.19         8.28          819.91    12/12/25
3564    1007894        1,127.52        22.55        1,104.97        11.28        1,093.69    12/12/25
3564    1008034        1,345.86        26.92        1,318.94        13.46        1,305.48    12/12/25
3564    1008236          799.90                       799.90         8.00          791.90    12/12/25
                   ------------    ---------    ------------    ---------    ------------
                      10,103.48        54.93       10,048.55       101.04        9,947.51                Horn Photo Inc

3571    1007828          134.97                       134.97         1.35          133.62    12/12/25    Carmans Foto Source
3571    1008135        1,133.27                     1,133.27        11.33        1,121.94    12/12/25
3571    1008247           92.29                        92.29         0.92           91.37    12/12/25
3571    1008250          727.16                       727.16         7.27          719.89    12/12/25
3571    1009355         -190.87                      -190.87                      -190.87    12/12/25
                   ------------    ---------    ------------    ---------    ------------
                       1,896.82                     1,896.82        20.87        1,875.95                Carmans Foto Source

3578    1007280           66.36         1.33           65.03         0.66           64.37    12/12/25    Midwest Photo Exchange
3578    1007327           99.54         1.99           97.55         1.00           96.55    12/12/25
3578    1007334          232.26         4.65          227.61         2.32          225.29    12/12/25
3578    1007502        3,990.00                     3,990.00        39.90        3,950.10    12/12/25
3578    1007744           45.61         0.91           44.70         0.46           44.24    12/12/25
3578    1008000          984.04        19.68          964.36         9.84          954.52    12/12/25
3578    1008084           35.10         0.70           34.40         0.35           34.05    12/12/25
3578    1008089           35.10         0.70           34.40         0.35           34.05    12/12/25
3578    1008169          363.78         7.28          356.50         3.64          352.86    12/12/25
3578    1008288          -50.00                       -50.00                       -50.00    12/12/25
3578    1008350          353.32                       353.32         3.53          349.79    12/12/25
3578    1008377           96.52                        96.52         0.97           95.55    12/12/25
3578    1008442           63.85         1.28           62.57         0.64           61.93    12/12/25
3578    1008484        1,251.34        25.03        1,226.31        12.51        1,213.80    12/12/25
3578    1008488          327.86                       327.86         3.28          324.58    12/12/25
                   ------------    ---------    ------------    ---------    ------------
                       7,894.68        63.55        7,831.13        79.45        7,751.68                Midwest Photo Exchange

3585    1007532        3,990.00                     3,990.00        39.90        3,950.10    12/12/25    Looking Glass Photo
3585    1007688        2,767.45                     2,767.45        27.67        2,739.78    12/12/25
3585    1007692           62.42         1.25           61.17         0.62           60.55    12/12/25
3585    1008114          161.92         3.24          158.68         1.62          157.06    12/12/25
3585    1008555          194.33         3.89          190.44         1.94          188.50    12/12/25
3585    1008564           73.75         1.48           72.27         0.74           71.53    12/12/25
                   ------------    ---------    ------------    ---------    ------------
                       7,249.87         9.86        7,240.01        72.49        7,167.52                Looking Glass Photo

3592    1006015       18,095.52                    18,095.52                    18,095.52    12/12/25    B&C Camera
3592    1007217           25.23         0.50           24.73         0.25           24.48    12/12/25
3592    1007219          100.92         2.02           98.90         1.01           97.89    12/12/25
3592    1007220           41.14         0.82           40.32         0.41           39.91    12/12/25
3592    1007223           25.23         0.50           24.73         0.25           24.48    12/12/25
3592    1007224           25.23         0.50           24.73         0.25           24.48    12/12/25
3592    1007267           41.14         0.82           40.32         0.41           39.91    12/12/25
3592    1007270           11.42         0.23           11.19         0.11           11.08    12/12/25
3592    1007271           19.23         0.38           18.85         0.19           18.66    12/12/25
3592    1007272           20.57         0.41           20.16         0.21           19.95    12/12/25
3592    1007274          138.33         2.77          135.56         1.38          134.18    12/12/25
3592    1007275           20.57         0.41           20.16         0.21           19.95    12/12/25
3592    1007438        5,962.99                     5,962.99        59.63        5,903.36    12/12/25
3592    1007442           84.78                        84.78         0.85           83.93    12/12/25
3592    1007803          828.19                       828.19         8.28          819.91    12/12/25
3592    1007806        1,739.21                     1,739.21        17.39        1,721.82    12/12/25
3592    1007810        1,739.21                     1,739.21        17.39        1,721.82    12/12/25
3592    1007966        2,906.01        58.12        2,847.89        29.06        2,818.83    12/12/25
3592    1008018        4,507.50                     4,507.50        45.08        4,462.42    12/12/25
3592    1008019        3,143.84        62.88        3,080.96        31.44        3,049.52    12/12/25
3592    1008140          605.46        12.11          593.35         6.05          587.30    12/12/25
3592    1008142          364.46                       364.46         3.64          360.82    12/12/25
3592    1008183        1,343.96                     1,343.96        13.44        1,330.52    12/12/25
3592    1008186        1,343.96                     1,343.96        13.44        1,330.52    12/12/25
3592    1008191        1,739.92                     1,739.92        17.40        1,722.52    12/12/25
3592    1008230        2,070.49                     2,070.49        20.70        2,049.79    12/12/25
3592    1008275         -250.00                      -250.00                      -250.00    12/12/25
3592    1008303          153.90         3.08          150.82         1.54          149.28    12/12/25
3592    1008316           49.38         0.49           48.89         0.49           48.40    12/12/25
3592    1008390          756.00                       756.00         7.56          748.44    12/12/25
3592    1008391        1,069.20                     1,069.20        10.69        1,058.51    12/12/25
3592    1008413        2,458.35        49.17        2,409.18        24.58        2,384.60    12/12/25
3592    1008416        5,689.60                     5,689.60        56.90        5,632.70    12/12/25
3592    1008424          515.69                       515.69         5.16          510.53    12/12/25
3592    1008483        4,942.46                     4,942.46        49.42        4,893.04    12/12/25
3592    1008486           89.00         1.78           87.22         0.89           86.33    12/12/25
3592    1008591      -18,095.52                   -18,095.52                   -18,095.52    12/12/25
3592    1008594         -364.46                      -364.46                      -364.46    12/12/25
3592    1008596         -364.46                      -364.46                      -364.46    12/12/25
                   ------------    ---------    ------------    ---------    ------------
                      43,593.65       196.99       43,396.66       445.70       42,950.96                B&C Camera

3599    1007600          350.00                       350.00         3.50          346.50    12/12/25    ASAP Photo
                   ------------    ---------    ------------    ---------    ------------
                         350.00                       350.00         3.50          346.50                ASAP Photo

3606    1007276          398.16         7.96          390.20         3.98          386.22    12/12/25    San Jose Camera
3606    1007628        3,990.00                     3,990.00        39.90        3,950.10    12/12/25
3606    1007929          566.96                       566.96         5.67          561.29    12/12/25
3606    1008093           77.52         1.55           75.97         0.78           75.19    12/12/25
3606    1008095        1,999.95                     1,999.95        20.00        1,979.95    12/12/25
3606    1008518          544.11        10.88          533.23         5.44          527.79    12/12/25
3606    1008519        2,486.58        49.73        2,436.85        24.87        2,411.98    12/12/25
3606    1008533        2,813.92                     2,813.92        28.14        2,785.78    12/12/25
                   ------------    ---------    ------------    ---------    ------------
                      12,877.20        70.12       12,807.08       128.78       12,678.30                San Jose Camera

3613     999533        1,343.96                     1,343.96                     1,343.96    12/12/25    Action Camera
3613     999548          839.96                       839.96                       839.96    12/12/25
3613     999882        1,679.96                     1,679.96                     1,679.96    12/12/25
3613     999885        2,957.92                     2,957.92                     2,957.92    12/12/25
3613     999887        2,051.18                     2,051.18                     2,051.18    12/12/25
3613     999888        1,679.96                     1,679.96                     1,679.96    12/12/25
3613    1000140          769.46                       769.46                       769.46    12/12/25
3613    1004343          543.99                       543.99                       543.99    12/12/25
3613    1004544          139.65                       139.65                       139.65    12/12/25
3613    1004730        1,423.74                     1,423.74                     1,423.74    12/12/25
3613    1005192          395.20                       395.20                       395.20    12/12/25
3613    1007188           38.46                        38.46         0.38           38.46    12/12/25
3613    1007193           48.24                        48.24         0.48           48.24    12/12/25
3613    1007195           50.46                        50.46         0.50           50.46    12/12/25
3613    1007268           22.71                        22.71         0.23           22.71    12/12/25
3613    1007269           19.23                        19.23         0.19           19.23    12/12/25
3613    1007273           25.23                        25.23         0.25           25.23    12/12/25
3613    1007312          870.69                       870.69         8.71          861.98    12/12/25
3613    1007413          109.38                       109.38         1.09          109.38    12/12/25
3613    1007663          350.00                       350.00         3.50          346.50    12/12/25
3613    1007734        1,705.73                     1,705.73        17.06        1,705.73    12/12/25
3613    1007856           96.27                        96.27         0.96           96.27    12/12/25
3613    1008035          213.66                       213.66         2.14          213.66    12/12/25
3613    1008037        1,009.40                     1,009.40        10.09        1,009.40    12/12/25
3613    1008274          -50.00                       -50.00                       -50.00    12/12/25
3613    1008381          103.95                       103.95         1.04          102.91    12/12/25
3613    1008388          237.60                       237.60         2.38          235.22    12/12/25
3613    1008559           73.75                        73.75         0.74           73.75    12/12/25
3613    1008561           28.60                        28.60         0.29           28.60    12/12/25
3613    1008562           27.25                        27.25         0.27           27.25    12/12/25
3613    1008975         -931.50                      -931.50                      -931.50    12/12/25
3613    1008976         -607.50                      -607.50                      -607.50    12/12/25
3613    1008977         -640.00                      -640.00                      -640.00    12/12/25
3613    1009774         -100.64                      -100.64                      -100.64    12/12/25
                   ------------    ---------    ------------    ---------    ------------
                      16,525.95                    16,525.95        50.30       16,510.32                Action Camera

3627    1007190          322.14                       322.14         3.22          322.14    12/12/25    Mike's Camera (CA)
3627    1007556        3,990.00                     3,990.00        39.90        3,950.10    12/12/25
3627    1007804        4,616.76                     4,616.76        46.17        4,570.59    12/12/25
3627    1007808        1,739.21                     1,739.21        17.39        1,721.82    12/12/25
3627    1008041          672.93                       672.93         6.73          672.93    12/12/25
3627    1008119           52.65                        52.65         0.53           52.65    12/12/25
3627    1008189        1,264.19                     1,264.19        12.64        1,251.55    12/12/25
3627    1008289          -50.00                       -50.00                       -50.00    12/12/25
3627    1008405           83.37                        83.37         0.83           83.37    12/12/25
3627    1008556          550.58                       550.58         5.51          550.58    12/12/25
3627    1008581       -1,292.88                    -1,292.88                    -1,292.88    12/12/25
3627    1008947         -262.50                      -262.50                      -262.50    12/12/25
3627    1009031         -243.00                      -243.00                      -243.00    12/12/25
3627    1009032       -1,417.50                    -1,417.50                    -1,417.50    12/12/25
3627    1009036          -25.00                       -25.00                       -25.00    12/12/25
3627    1009037          -46.80                       -46.80                       -46.80    12/12/25
3627    1009045       -1,110.00                    -1,110.00                    -1,110.00    12/12/25
                   ------------    ---------    ------------    ---------    ------------
                       8,844.15                     8,844.15       132.92        8,728.05                Mike's Camera (CA)

3655    1007516        3,990.00                     3,990.00        39.90        3,950.10    12/12/25    World Of Photography
                   ------------    ---------    ------------    ---------    ------------
                       3,990.00                     3,990.00        39.90        3,950.10                World Of Photography

3662    1001298       21,464.33                    21,464.33                    21,464.33    12/12/25    PROCAM
3662    1001299        1,490.75                     1,490.75                     1,490.75    12/12/25
3662    1001300        1,490.75                     1,490.75                     1,490.75    12/12/25
3662    1001301       21,464.33                    21,464.33                    21,464.33    12/12/25
3662    1001302       21,464.33                    21,464.33                    21,464.33    12/12/25
3662    1001303        1,490.75                     1,490.75                     1,490.75    12/12/25
3662    1001304        1,490.75                     1,490.75                     1,490.75    12/12/25
3662    1001305       20,718.96                    20,718.96                    20,718.96    12/12/25
3662    1001367        5,039.88                     5,039.88                     5,039.88    12/12/25
3662    1001754       16,799.60                    16,799.60                    16,799.60    12/12/25
3662    1001756       11,759.72                    11,759.72                    11,759.72    12/12/25
3662    1001758       16,799.60                    16,799.60                    16,799.60    12/12/25
3662    1001761       16,799.60                    16,799.60                    16,799.60    12/12/25
3662    1004155       26,098.80                    26,098.80                    26,098.80    12/12/25
3662    1004156       21,749.44                    21,749.44                    21,749.44    12/12/25
3662    1004184       36,538.32                    36,538.32                    36,538.32    12/12/25
3662    1004189       27,215.28                    27,215.28                    27,215.28    12/12/25
3662    1007311          532.98        10.66          522.32         5.33          516.99    12/12/25
3662    1007326          688.56        13.77          674.79         6.89          667.90    12/12/25
3662    1007329           75.69         1.51           74.18         0.76           73.42    12/12/25
3662    1007330           41.14         0.82           40.32         0.41           39.91    12/12/25
3662    1007331           41.14         0.82           40.32         0.41           39.91    12/12/25
3662    1007332           41.14         0.82           40.32         0.41           39.91    12/12/25
3662    1007333           41.14         0.82           40.32         0.41           39.91    12/12/25
3662    1007335           75.69         1.51           74.18         0.76           73.42    12/12/25
3662    1007352          167.44         3.35          164.09         1.67          162.42    12/12/25
3662    1007546        3,990.00                     3,990.00        39.90        3,950.10    12/12/25
3662    1007715        3,478.42                     3,478.42        34.78        3,443.64    12/12/25
3662    1007720        1,739.92                     1,739.92        17.40        1,722.52    12/12/25
3662    1007898        1,133.92                     1,133.92        11.34        1,122.58    12/12/25
3662    1008031           35.01         0.70           34.31         0.35           33.96    12/12/25
3662    1008203        4,349.80                     4,349.80        43.50        4,306.30    12/12/25
3662    1008310          230.85         4.62          226.23         2.31          223.92    12/12/25
3662    1008311          153.90         3.08          150.82         1.54          149.28    12/12/25
3662    1008312          115.43         2.31          113.12         1.15          111.97    12/12/25
3662    1008378        1,198.45                     1,198.45        11.98        1,186.47    12/12/25
3662    1008443          995.00        19.90          975.10         9.95          965.15    12/12/25
3662    1008446          995.00        19.90          975.10         9.95          965.15    12/12/25
3662    1008447          398.00         7.96          390.04         3.98          386.06    12/12/25
3662    1009035      -16,270.00                   -16,270.00                   -16,270.00    12/12/25
3662    1009066          -75.00                       -75.00                       -75.00    12/12/25
                   ------------    ---------    ------------    ---------    ------------
                     274,048.81        92.55      273,956.26       205.18      273,751.08                PROCAM

3669     999393          236.60                       236.60                       236.60    12/12/25    Pitman Photo Supply
3669     999554        1,249.50        24.99        1,224.51                     1,224.51    12/12/25
3669     999850        1,511.96                     1,511.96                     1,511.96    12/12/25
3669     999907          293.01                       293.01                       293.01    12/12/25
3669    1000663          647.72                       647.72                       647.72    12/12/25
3669    1000778          245.00                       245.00                       245.00    12/12/25
3669    1001092        1,511.96                     1,511.96                     1,511.96    12/12/25
3669    1001241        1,073.34        21.47        1,051.87                     1,051.87    12/12/25
3669    1004404          602.25        12.05          590.20                       590.20    12/12/25
3669    1004412          517.32        10.35          506.97                       506.97    12/12/25
3669    1004669          212.05         4.24          207.81                       207.81    12/12/25
3669    1004851           69.22         1.38           67.84                        67.84    12/12/25
3669    1005196          102.00         2.04           99.96                        99.96    12/12/25
3669    1005628        1,511.96                     1,511.96                     1,511.96    12/12/25
3669    1007583          350.00                       350.00         3.50          346.50    12/12/25
                   ------------    ---------    ------------    ---------    ------------
                      10,133.89        76.52       10,057.37         3.50       10,053.87                Pitman Photo Supply

3676    1007613        3,990.00                     3,990.00        39.90        3,950.10    12/12/25    Allen's Camera Shop Inc.
3676    1007831          146.27         2.93          143.34         1.46          141.88    12/12/25
3676    1007891          404.96                       404.96         4.05          400.91    12/12/25
3676    1007981           57.48                        57.48         0.57           56.91    12/12/25
3676    1007984          611.45        12.23          599.22         6.11          593.11    12/12/25
3676    1008042          672.93        13.46          659.47         6.73          652.74    12/12/25
3676    1008159           56.66         1.13           55.53         0.57           54.96    12/12/25
3676    1008165          224.83                       224.83         2.25          222.58    12/12/25
3676    1008200           37.46                        37.46         0.37           37.09    12/12/25
3676    1008338           84.18                        84.18         0.84           83.34    12/12/25
3676    1008396          245.04                       245.04         2.45          242.59    12/12/25
3676    1008489           55.56         1.11           54.45         0.56           53.89    12/12/25
3676    1008493           55.99                        55.99         0.56           55.43    12/12/25
3676    1008534          127.80         2.56          125.24         1.28          123.96    12/12/25
3676    1008974         -931.50                      -931.50                      -931.50    12/12/25
                   ------------    ---------    ------------    ---------    ------------
                       5,839.11        33.42        5,805.69        67.70        5,737.99                Allen's Camera Shop Inc.

3683    1007214           89.58         1.79           87.79         0.90           86.89    12/12/25    ABT Electronics Inc.
3683    1007289          542.94        10.86          532.08         5.43          526.65    12/12/25
3683    1007292        1,200.50        24.01        1,176.49        12.01        1,164.48    12/12/25
3683    1007404          667.80                       667.80         6.68          661.12    12/12/25
3683    1007407          168.67         3.37          165.30         1.69          163.61    12/12/25
3683    1007408          795.30                       795.30         7.95          787.35    12/12/25
3683    1007411            8.87         0.18            8.69         0.09            8.60    12/12/25
3683    1007645        3,990.00                     3,990.00        39.90        3,950.10    12/12/25
3683    1007913        4,676.10                     4,676.10        46.76        4,629.34    12/12/25
                   ------------    ---------    ------------    ---------    ------------
                      12,139.76        40.21       12,099.55       121.41       11,978.14                ABT Electronics Inc.

3697    1001843          350.00                       350.00                       350.00    12/12/25    Green Mountain Camera
                   ------------    ---------    ------------    ---------    ------------
                         350.00                       350.00                       350.00                Green Mountain Camera

3711    1007299          155.48                       155.48         1.55          155.48    12/12/25    Webbcam LLC
3711    1007308          312.30                       312.30         3.12          312.30    12/12/25
3711    1007356          265.91                       265.91         2.66          265.91    12/12/25
3711    1007360          487.48                       487.48         4.87          482.61    12/12/25
3711    1008053          520.12                       520.12         5.20          520.12    12/12/25
3711    1008218          605.68                       605.68         6.06          605.68    12/12/25
3711    1008417           83.37                        83.37         0.83           83.37    12/12/25
                   ------------    ---------    ------------    ---------    ------------
                       2,430.34                     2,430.34        24.29        2,425.47                Webbcam LLC

3718    1007317          331.80                       331.80         3.32          331.80    12/12/25    Pixel Connection
3718    1007320          331.80                       331.80         3.32          331.80    12/12/25
3718    1007323           61.71                        61.71         0.62           61.71    12/12/25
3718    1007325           20.57                        20.57         0.21           20.57    12/12/25
3718    1007639        3,990.00                     3,990.00        39.90        3,950.10    12/12/25
3718    1007716          769.46                       769.46         7.69          761.77    12/12/25
3718    1007719        1,656.38                     1,656.38        16.56        1,639.82    12/12/25
3718    1007723        3,478.42                     3,478.42        34.78        3,443.64    12/12/25
3718    1007896          647.92                       647.92         6.48          641.44    12/12/25
3718    1007897        2,794.26                     2,794.26        27.94        2,766.32    12/12/25
3718    1007900       14,619.20                    14,619.20       146.19       14,473.01    12/12/25
3718    1007901        4,385.76                     4,385.76        43.86        4,341.90    12/12/25
3718    1007902          323.96                       323.96         3.24          320.72    12/12/25
3718    1007903          566.96                       566.96         5.67          561.29    12/12/25
3718    1007905          566.96                       566.96         5.67          561.29    12/12/25
3718    1007951            7.40                         7.40         0.07            7.40    12/12/25
3718    1008013          701.70                       701.70         7.02          701.70    12/12/25
3718    1008056        2,931.88                     2,931.88        29.32        2,931.88    12/12/25
3718    1008206        4,349.80                     4,349.80        43.50        4,306.30    12/12/25
3718    1008231          655.00                       655.00         6.55          655.00    12/12/25
3718    1008255        2,118.62                     2,118.62        21.19        2,097.43    12/12/25
3718    1008262        2,966.26                     2,966.26        29.66        2,966.26    12/12/25
3718    1008366          260.87                       260.87         2.61          258.26    12/12/25
3718    1008430       11,258.52                    11,258.52       112.59       11,145.93    12/12/25
3718    1008576       -1,600.00                    -1,600.00                    -1,600.00    12/12/25
3718    1008595         -466.61                      -466.61                      -466.61    12/12/25
3718    1008939         -809.96                      -809.96                      -809.96    12/12/25
3718    1008954       -2,162.50                    -2,162.50                    -2,162.50    12/12/25
3718    1008958          -47.33                       -47.33                       -47.33    12/12/25
                   ------------    ---------    ------------    ---------    ------------
                      54,708.81                    54,708.81       597.96       54,190.94                Pixel Connection

3732    1007261          205.70                       205.70         2.06          205.70    12/12/25    Competitive Cameras
3732    1007527        3,990.00                     3,990.00        39.90        3,950.10    12/12/25
3732    1007746          213.60                       213.60         2.14          213.60    12/12/25
3732    1007857        2,765.76                     2,765.76        27.66        2,765.76    12/12/25
3732    1007882          187.30                       187.30         1.87          185.43    12/12/25
3732    1008023          212.84                       212.84         2.13          212.84    12/12/25
3732    1008280         -150.00                      -150.00                      -150.00    12/12/25
3732    1008368        1,980.00                     1,980.00        19.80        1,960.20    12/12/25
3732    1008382          580.00                       580.00         5.80          574.20    12/12/25
3732    1008451          597.00                       597.00         5.97          597.00    12/12/25
3732    1008456          199.00                       199.00         1.99          199.00    12/12/25
                   ------------    ---------    ------------    ---------    ------------
                      10,781.20                    10,781.20       109.32       10,713.83                Competitive Cameras

3739     999696        2,037.29        40.75        1,996.54                     1,996.54    12/12/25    Gosselin Photo Video Inc
3739    1006282          794.93        15.90          779.03                       779.03    12/12/25
3739    1006283          922.30        18.45          903.85                       903.85    12/12/25
3739    1006288          410.42         8.21          402.21                       402.21    12/12/25
3739    1006291          562.40        11.25          551.15                       551.15    12/12/25
3739    1007163           -4.35                        -4.35                        -4.35    12/12/25
3739    1008283         -300.00                      -300.00                      -300.00    12/12/25
                   ------------    ---------    ------------    ---------    ------------
                       4,422.99        94.56        4,328.43                     4,328.43                Gosselin Photo Video Inc

3746    1007595          350.00                       350.00         3.50          346.50    12/12/25    Omega Photo
                   ------------    ---------    ------------    ---------    ------------
                         350.00                       350.00         3.50          346.50                Omega Photo

3753    1007336           82.28                        82.28         0.82           82.28    12/12/25    Ace Photo
3753    1007340           96.48                        96.48         0.96           96.48    12/12/25
3753    1007488          507.44                       507.44         5.07          507.44    12/12/25
3753    1007623          350.00                       350.00         3.50          346.50    12/12/25
3753    1007703        1,739.21                     1,739.21        17.39        1,721.82    12/12/25
3753    1007776        2,286.78                     2,286.78        22.87        2,286.78    12/12/25
3753    1007884          566.96                       566.96         5.67          561.29    12/12/25
3753    1008048        1,783.24                     1,783.24        17.83        1,783.24    12/12/25
3753    1008241           54.00                        54.00         0.54           54.00    12/12/25
3753    1008273          -50.00                       -50.00                       -50.00    12/12/25
3753    1008306        4,223.15                     4,223.15        42.23        4,223.15    12/12/25
3753    1008978         -300.00                      -300.00                      -300.00    12/12/25
                   ------------    ---------    ------------    ---------    ------------
                      11,339.54                    11,339.54       116.88       11,312.98                Ace Photo

3760    1007660        3,990.00                     3,990.00        39.90        3,950.10    12/12/25    Stewarts Photo Inc
3760    1007691          190.10                       190.10         1.90          188.20    12/12/25
3760    1007706        1,235.41        24.71        1,210.70        12.35        1,198.35    12/12/25
3760    1007854          193.53         3.87          189.66         1.94          187.72    12/12/25
3760    1008212          652.58        13.05          639.53         6.53          633.00    12/12/25
3760    1008295         -100.00                      -100.00                      -100.00    12/12/25
3760    1008330          -80.00                       -80.00                       -80.00    12/12/25
3760    1008415          210.83         4.22          206.61         2.11          204.50    12/12/25
3760    1008500           41.14         0.82           40.32         0.41           39.91    12/12/25
3760    1008501          226.28         4.53          221.75         2.26          219.49    12/12/25
3760    1008504           73.75         1.48           72.27         0.74           71.53    12/12/25
3760    1008507           44.77         0.90           43.87         0.45           43.42    12/12/25
3760    1008536        1,478.96                     1,478.96        14.79        1,464.17    12/12/25
3760    1008538          364.46                       364.46         3.64          360.82    12/12/25
3760    1008541           81.25         1.63           79.62         0.81           78.81    12/12/25
                   ------------    ---------    ------------    ---------    ------------
                       8,603.06        55.21        8,547.85        87.83        8,460.02                Stewarts Photo Inc

3767    1007519        3,990.00                     3,990.00        39.90        3,950.10    12/12/25    Don's Photo
3767    1007695          834.65        16.69          817.96         8.35          809.61    12/12/25
3767    1007702           12.79         0.26           12.53         0.13           12.40    12/12/25
3767    1007707          874.04        17.48          856.56         8.74          847.82    12/12/25
3767    1007708        1,902.87                     1,902.87        19.03        1,883.84    12/12/25
3767    1007709        1,665.80        33.32        1,632.48        16.66        1,615.82    12/12/25
3767    1007711        3,439.19                     3,439.19        34.39        3,404.80    12/12/25
3767    1007713          129.26                       129.26         1.29          127.97    12/12/25
3767    1007714        1,504.87        30.10        1,474.77        15.05        1,459.72    12/12/25
3767    1007760          698.97        13.98          684.99         6.99          678.00    12/12/25
3767    1007769        4,087.46                     4,087.46        40.87        4,046.59    12/12/25
3767    1007771          969.97        19.40          950.57         9.70          940.87    12/12/25
3767    1007772        1,093.52                     1,093.52        10.94        1,082.58    12/12/25
3767    1007773          646.79                       646.79         6.47          640.32    12/12/25
3767    1007775          227.86         4.56          223.30         2.28          221.02    12/12/25
3767    1007783           97.17         1.94           95.23         0.97           94.26    12/12/25
3767    1007792          122.44         2.45          119.99         1.22          118.77    12/12/25
3767    1007793           26.49         0.53           25.96         0.26           25.70    12/12/25
3767    1007796           58.31         1.17           57.14         0.58           56.56    12/12/25
3767    1007800           52.98         1.06           51.92         0.53           51.39    12/12/25
3767    1007823           79.76                        79.76         0.80           78.96    12/12/25
3767    1007858          921.76        18.44          903.32         9.22          894.10    12/12/25
3767    1008145          822.14        16.44          805.70         8.22          797.48    12/12/25
3767    1008146          581.30        11.63          569.67         5.81          563.86    12/12/25
3767    1008147           93.71         1.87           91.84         0.94           90.90    12/12/25
3767    1008193          562.87        11.26          551.61         5.63          545.98    12/12/25
3767    1008195          260.53         5.21          255.32         2.61          252.71    12/12/25
3767    1008197          189.22         3.78          185.44         1.89          183.55    12/12/25
3767    1008215          160.08         3.20          156.88         1.60          155.28    12/12/25
3767    1008223          320.17         6.40          313.77         3.20          310.57    12/12/25
3767    1008245           77.44         1.55           75.89         0.77           75.12    12/12/25
3767    1008251           36.86         0.74           36.12         0.37           35.75    12/12/25
                   ------------    ---------    ------------    ---------    ------------
                      26,541.27       223.46       26,317.81       265.41       26,052.40                Don's Photo

3774     993809        2,569.35                     2,569.35                     2,569.35    12/12/25    Mcbain Camera
3774     994655          350.00                       350.00                       350.00    12/12/25
3774     994797        3,930.26                     3,930.26                     3,930.26    12/12/25
3774     994798          295.01                       295.01                       295.01    12/12/25
3774     994799          235.20                       235.20                       235.20    12/12/25
3774     995005          638.52                       638.52                       638.52    12/12/25
3774     995375        1,024.80                     1,024.80                     1,024.80    12/12/25
3774     995386          475.20                       475.20                       475.20    12/12/25
3774     995554        6,990.00                     6,990.00                     6,990.00    12/12/25
3774     995941          461.73                       461.73                       461.73    12/12/25
3774     995947        1,607.39                     1,607.39                     1,607.39    12/12/25
3774     996951          905.90                       905.90                       905.90    12/12/25
3774     996952        1,962.81                     1,962.81                     1,962.81    12/12/25
3774     997269          900.00                       900.00                       900.00    12/12/25
3774     997281        1,183.38                     1,183.38                     1,183.38    12/12/25
3774     997282          -65.88                       -65.88                       -65.88    12/12/25
3774     999018          152.21                       152.21                       152.21    12/12/25
3774     999642        1,010.27        20.21          990.06                       990.06    12/12/25
3774     999946          887.04                       887.04                       887.04    12/12/25
3774     999972        2,139.73        42.79        2,096.94                     2,096.94    12/12/25
3774     999975           32.38         0.65           31.73                        31.73    12/12/25
3774    1001268          179.51                       179.51                       179.51    12/12/25
3774    1001274        1,194.68        23.89        1,170.79                     1,170.79    12/12/25
3774    1001849          350.00                       350.00                       350.00    12/12/25
3774    1002137          152.21         3.04          149.17                       149.17    12/12/25
3774    1002201          364.30         7.29          357.01                       357.01    12/12/25
3774    1002577          262.84         5.26          257.58                       257.58    12/12/25
3774    1002580        1,498.56                     1,498.56                     1,498.56    12/12/25
3774    1003323          897.54                       897.54                       897.54    12/12/25
3774    1005360          246.94         4.94          242.00                       242.00    12/12/25
3774    1007549          350.00                       350.00         3.50          346.50    12/12/25
3774    1007770        1,906.49                     1,906.49        19.06        1,887.43    12/12/25
3774    1007774        1,013.12        20.26          992.86        10.13          982.73    12/12/25
3774    1007797          803.38        16.07          787.31         8.03          779.28    12/12/25
3774    1008249          877.72        17.55          860.17         8.78          851.39    12/12/25
3774    1008326         -240.00                      -240.00                      -240.00    12/12/25
3774    1009352         -693.93                      -693.93                      -693.93    12/12/25
3774      S3404          355.17                       355.17         3.55          351.62    12/12/25
                   ------------    ---------    ------------    ---------    ------------
                      37,203.83       161.95       37,041.88        53.05       36,988.83                Mcbain Camera

3781    1007204          134.32         2.69          131.63         1.34          130.29    12/12/25    Precision Camera Inc.
3781    1007247          331.80         6.64          325.16         3.32          321.84    12/12/25
3781    1007248          688.56        13.77          674.79         6.89          667.90    12/12/25
3781    1007249          626.94        12.54          614.40         6.27          608.13    12/12/25
3781    1007251          187.05         3.74          183.31         1.87          181.44    12/12/25
3781    1007252           41.14         0.82           40.32         0.41           39.91    12/12/25
3781    1007254          582.48        11.65          570.83         5.82          565.01    12/12/25
3781    1007255           66.36         1.33           65.03         0.66           64.37    12/12/25
3781    1007419        3,637.84        72.76        3,565.08        36.38        3,528.70    12/12/25
3781    1007587        3,990.00                     3,990.00        39.90        3,950.10    12/12/25
3781    1007675          769.46                       769.46         7.69          761.77    12/12/25
3781    1007677          404.96                       404.96         4.05          400.91    12/12/25
3781    1007681        3,478.42                     3,478.42        34.78        3,443.64    12/12/25
3781    1007683        1,982.22                     1,982.22        19.82        1,962.40    12/12/25
3781    1007818          971.96                       971.96         9.72          962.24    12/12/25
3781    1007827          415.92         8.32          407.60         4.16          403.44    12/12/25
3781    1007875          566.96                       566.96         5.67          561.29    12/12/25
3781    1007876        1,946.52                     1,946.52        19.47        1,927.05    12/12/25
3781    1007879          971.96                       971.96         9.72          962.24    12/12/25
3781    1008011        1,023.26        20.47        1,002.79        10.23          992.56    12/12/25
3781    1008012          596.41        11.93          584.48         5.96          578.52    12/12/25
3781    1008014        3,163.39                     3,163.39        31.63        3,131.76    12/12/25
3781    1008032          124.50         2.49          122.01         1.25          120.76    12/12/25
3781    1008061        2,456.56        49.13        2,407.43        24.57        2,382.86    12/12/25
3781    1008062       -1,080.74                    -1,080.74                    -1,080.74    12/12/25
3781    1008100          392.44         7.85          384.59         3.92          380.67    12/12/25
3781    1008101           61.88         1.24           60.64         0.62           60.02    12/12/25
3781    1008103           80.95         1.62           79.33         0.81           78.52    12/12/25
3781    1008106          401.75         8.04          393.71         4.02          389.69    12/12/25
3781    1008107          269.64         5.39          264.25         2.70          261.55    12/12/25
3781    1008108          522.90        10.46          512.44         5.23          507.21    12/12/25
3781    1008184        1,679.96                     1,679.96        16.80        1,663.16    12/12/25
3781    1008219          169.40         3.39          166.01         1.69          164.32    12/12/25
3781    1008224        3,516.43        70.33        3,446.10        35.16        3,410.94    12/12/25
3781    1008228        9,658.61                     9,658.61        96.59        9,562.02    12/12/25
3781    1008290          -50.00                       -50.00                       -50.00    12/12/25
3781    1008345        3,940.42                     3,940.42        39.40        3,901.02    12/12/25
3781    1008371          123.48                       123.48         1.23          122.25    12/12/25
3781    1008380          280.03                       280.03         2.80          277.23    12/12/25
3781    1008395        1,297.56                     1,297.56        12.98        1,284.58    12/12/25
3781    1008408           81.25         1.63           79.62         0.81           78.81    12/12/25
3781    1008450          491.01         9.82          481.19         4.91          476.28    12/12/25
3781    1008452          398.00         7.96          390.04         3.98          386.06    12/12/25
3781    1008453           81.25         1.63           79.62         0.81           78.81    12/12/25
3781    1008455          199.00         3.98          195.02         1.99          193.03    12/12/25
3781    1008458          442.50         8.85          433.65         4.42          429.23    12/12/25
3781    1008528        1,259.96                     1,259.96        12.60        1,247.36    12/12/25
3781    1008578         -250.00                      -250.00                      -250.00    12/12/25
3781    1008579         -250.00                      -250.00                      -250.00    12/12/25
3781    1008587       -3,121.61                    -3,121.61                    -3,121.61    12/12/25
3781    1008588       -1,500.00                    -1,500.00                    -1,500.00    12/12/25
3781    1008938         -639.00                      -639.00                      -639.00    12/12/25
3781    1008941         -179.74                      -179.74                      -179.74    12/12/25
3781    1008945       -1,134.00                    -1,134.00                    -1,134.00    12/12/25
3781    1009050         -640.00                      -640.00                      -640.00    12/12/25
3781    1009051       -4,379.96                    -4,379.96                    -4,379.96    12/12/25
3781    1009052       -2,000.00                    -2,000.00                    -2,000.00    12/12/25
3781    1009053         -160.00                      -160.00                      -160.00    12/12/25
3781    1009054       -2,399.94                    -2,399.94                    -2,399.94    12/12/25
3781    1009055       -1,255.50                    -1,255.50                    -1,255.50    12/12/25
3781    1009056         -729.00                      -729.00                      -729.00    12/12/25
3781    1009057         -324.00                      -324.00                      -324.00    12/12/25
3781    1009058         -850.50                      -850.50                      -850.50    12/12/25
3781    1009059         -850.50                      -850.50                      -850.50    12/12/25
                   ------------    ---------    ------------    ---------    ------------
                      32,712.92       360.47       32,352.45       545.05       31,807.40                Precision Camera Inc.

3788    1007316           77.74         1.55           76.19         0.78           75.41    12/12/25    Spartan Photo Center
3788    1007318           66.36         1.33           65.03         0.66           64.37    12/12/25
3788    1007324           66.36         1.33           65.03         0.66           64.37    12/12/25
3788    1007389           31.74         0.63           31.11         0.32           30.79    12/12/25
3788    1007493           39.84         0.80           39.04         0.40           38.64    12/12/25
3788    1007616          350.00                       350.00         3.50          346.50    12/12/25
3788    1007846        5,099.84                     5,099.84        51.00        5,048.84    12/12/25
3788    1008045           75.84         1.52           74.32         0.76           73.56    12/12/25
3788    1008201          869.96                       869.96         8.70          861.26    12/12/25
3788    1008264           26.15         0.52           25.63         0.26           25.37    12/12/25
3788    1008268          527.38                       527.38         5.27          522.11    12/12/25
                   ------------    ---------    ------------    ---------    ------------
                       7,231.21         7.68        7,223.53        72.31        7,151.22                Spartan Photo Center

3795    1007649        3,990.00                     3,990.00        39.90        3,950.10    12/12/25    West Photo
3795    1007908          566.96                       566.96         5.67          561.29    12/12/25
3795    1008571         -250.00                      -250.00                      -250.00    12/12/25
3795    1008572         -100.00                      -100.00                      -100.00    12/12/25
3795    1008575       -2,800.00                    -2,800.00                    -2,800.00    12/12/25
                   ------------    ---------    ------------    ---------    ------------
                       1,406.96                     1,406.96        45.57        1,361.39                West Photo

3816    1000900          841.60        16.83          824.77                       824.77    12/12/25    Focal Point Photography
3816    1001362        1,511.96                     1,511.96                     1,511.96    12/12/25
3816    1007575          350.00                       350.00         3.50          346.50    12/12/25
3816    1008362          364.77                       364.77         3.65          361.12    12/12/25
                   ------------    ---------    ------------    ---------    ------------
                       3,068.33        16.83        3,051.50         7.15        3,044.35                Focal Point Photography

3823    1007611          350.00                       350.00         3.50          346.50    12/12/25    Helix Camera & Video
                   ------------    ---------    ------------    ---------    ------------
                         350.00                       350.00         3.50          346.50                Helix Camera & Video

3830    1007265           41.14                        41.14         0.41           41.14    12/12/25    Garland Camera & Repair
3830    1007641        3,990.00                     3,990.00        39.90        3,950.10    12/12/25
3830    1007912           85.44                        85.44         0.85           84.59    12/12/25
3830    1008104           17.55                        17.55         0.18           17.55    12/12/25
                   ------------    ---------    ------------    ---------    ------------
                       4,134.13                     4,134.13        41.34        4,093.38                Garland Camera & Repair

3837    1006826          295.61         5.91          289.70                       289.70    12/12/25    Pictureline Inc.
3837    1007096          628.10        12.56          615.54                       615.54    12/12/25
3837    1007194           67.16         1.34           65.82         0.67           65.15    12/12/25
3837    1007395          304.36         6.09          298.27         3.04          295.23    12/12/25
3837    1007399           82.46         1.65           80.81         0.82           79.99    12/12/25
3837    1007416          539.56        10.79          528.77         5.40          523.37    12/12/25
3837    1007417          402.10         8.04          394.06         4.02          390.04    12/12/25
3837    1007885        1,085.15        21.70        1,063.45        10.85        1,052.60    12/12/25
3837    1008033          106.42         2.13          104.29         1.06          103.23    12/12/25
3837    1008094        1,689.28        33.79        1,655.49        16.89        1,638.60    12/12/25
3837    1008239        2,301.60        46.03        2,255.57        23.02        2,232.55    12/12/25
3837    1008372          125.37                       125.37         1.25          124.12    12/12/25
3837    1008492          613.50        12.27          601.23         6.13          595.10    12/12/25
3837    1008537          215.00         4.30          210.70         2.15          208.55    12/12/25
3837    1008558          199.00         3.98          195.02         1.99          193.03    12/12/25
3837    1008560          199.00         3.98          195.02         1.99          193.03    12/12/25
3837    1008937          -19.87                       -19.87                       -19.87    12/12/25
3837    1009060          -40.50                       -40.50                       -40.50    12/12/25
3837    1009062          -75.00                       -75.00                       -75.00    12/12/25
3837    1009063         -395.00                      -395.00                      -395.00    12/12/25
                   ------------    ---------    ------------    ---------    ------------
                       8,323.30       174.56        8,148.74        79.28        8,069.46                Pictureline Inc.

3844     992203           56.43                        56.43                        56.43    12/12/25    Billmeier Camera Shop
3844     993109        1,672.68                     1,672.68                     1,672.68    12/12/25
3844    1001841          350.00                       350.00                       350.00    12/12/25
                   ------------    ---------    ------------    ---------    ------------
                       2,079.11                     2,079.11                     2,079.11                Billmeier Camera Shop

3851    1007435           98.25         1.97           96.28         0.98           95.30    12/12/25    Foto Care
3851    1007479          255.61         5.11          250.50         2.56          247.94    12/12/25
3851    1007564        3,990.00                     3,990.00        39.90        3,950.10    12/12/25
3851    1008080          495.00                       495.00         4.95          490.05    12/12/25
3851    1008352        1,247.50                     1,247.50        12.47        1,235.03    12/12/25
3851    1008425           46.58         0.93           45.65         0.47           45.18    12/12/25
                   ------------    ---------    ------------    ---------    ------------
                       6,132.94         8.01        6,124.93        61.33        6,063.60                Foto Care

3858    1007187          182.97                       182.97         1.83          182.97    12/12/25    Robi's Camera Center
3858    1007598          350.00                       350.00         3.50          346.50    12/12/25
                   ------------    ---------    ------------    ---------    ------------
                         532.97                       532.97         5.33          529.47                Robi's Camera Center

3865    1007309          801.13                       801.13         8.01          801.13    12/12/25    Armadillo Camera
3865    1007313          265.77                       265.77         2.66          265.77    12/12/25
3865    1007315        1,429.00                     1,429.00        14.29        1,414.71    12/12/25
3865    1007354        3,526.98                     3,526.98        35.27        3,491.71    12/12/25
3865    1007630        3,990.00                     3,990.00        39.90        3,950.10    12/12/25
3865    1007751        1,253.58                     1,253.58        12.54        1,253.58    12/12/25
3865    1007883        2,267.92                     2,267.92        22.68        2,245.24    12/12/25
3865    1008105           70.20                        70.20         0.70           70.20    12/12/25
3865    1008148        1,576.95                     1,576.95        15.77        1,576.95    12/12/25
3865    1008188          869.96                       869.96         8.70          861.26    12/12/25
3865    1008460          216.13                       216.13         2.16          213.97    12/12/25
3865    1008461          431.07                       431.07         4.31          431.07    12/12/25
                   ------------    ---------    ------------    ---------    ------------
                      16,698.69                    16,698.69       166.99       16,575.69                Armadillo Camera

3886    1007443        1,573.57                     1,573.57        15.74        1,557.83    12/12/25    Kenmore Camera Inc.
3886    1007555          350.00                       350.00         3.50          346.50    12/12/25
3886    1007812        3,478.42                     3,478.42        34.78        3,443.64    12/12/25
3886    1007817        3,312.79                     3,312.79        33.13        3,279.66    12/12/25
3886    1007953          447.46         8.95          438.51         4.47          434.04    12/12/25
3886    1008010          328.78         6.58          322.20         3.29          318.91    12/12/25
3886    1008286         -150.00                      -150.00                      -150.00    12/12/25
3886    1008304          813.12        16.26          796.86         8.13          788.73    12/12/25
                   ------------    ---------    ------------    ---------    ------------
                      10,154.14        31.79       10,122.35       103.04       10,019.31                Kenmore Camera Inc.

3893    1007591          350.00                       350.00         3.50          346.50    12/12/25    Bozeman Camera + Repair
3893    1007728        1,185.18                     1,185.18        11.85        1,173.33    12/12/25
3893    1007731           21.40                        21.40         0.21           21.40    12/12/25
3893    1008063         -148.50                      -148.50                      -148.50    12/12/25
3893    1008187          224.76                       224.76         2.25          222.51    12/12/25
3893    1008266           62.80                        62.80         0.63           62.80    12/12/25
3893    1008543        1,776.57                     1,776.57        17.77        1,776.57    12/12/25
3893    1008961         -243.00                      -243.00                      -243.00    12/12/25
3893    1008962         -162.00                      -162.00                      -162.00    12/12/25
3893    1008963         -162.00                      -162.00                      -162.00    12/12/25
                   ------------    ---------    ------------    ---------    ------------
                       2,905.21                     2,905.21        36.21        2,887.61                Bozeman Camera + Repair

3900    1007620        3,990.00                     3,990.00        39.90        3,950.10    12/12/25    Camera Exchange
                   ------------    ---------    ------------    ---------    ------------
                       3,990.00                     3,990.00        39.90        3,950.10                Camera Exchange

3907    1007657          350.00                       350.00         3.50          346.50    12/12/25    Gulf Coast Camera
                   ------------    ---------    ------------    ---------    ------------
                         350.00                       350.00         3.50          346.50                Gulf Coast Camera

3921    1007192           82.28                        82.28         0.82           82.28    12/12/25    Woodland Hills
3921    1007547          350.00                       350.00         3.50          346.50    12/12/25
3921    1007815        9,203.28                     9,203.28        92.03        9,111.25    12/12/25
3921    1007819        3,238.60                     3,238.60        32.39        3,206.21    12/12/25
3921    1007923          566.96                       566.96         5.67          561.29    12/12/25
3921    1008315           99.91                        99.91         1.00           99.91    12/12/25
                   ------------    ---------    ------------    ---------    ------------
                      13,541.03                    13,541.03       135.41       13,407.44                Woodland Hills

3928    1007582          350.00                       350.00         3.50          346.50    12/12/25    Gene's Camera
3928    1007916          208.89                       208.89         2.09          208.89    12/12/25
3928    1007920          648.98                       648.98         6.49          642.49    12/12/25
3928    1008072          222.76                       222.76         2.23          222.76    12/12/25
3928    1009040         -121.50                      -121.50                      -121.50    12/12/25
                   ------------    ---------    ------------    ---------    ------------
                       1,309.13                     1,309.13        14.31        1,299.14                Gene's Camera

5024    1002438        3,147.52        62.95        3,084.57                     3,084.57    12/12/25    Vicon Motion Systems Inc
5024    1003554        1,332.52        26.65        1,305.87                     1,305.87    12/12/25
                   ------------    ---------    ------------    ---------    ------------
                       4,480.04        89.60        4,390.44                     4,390.44                Vicon Motion Systems Inc

5036    1000591           76.08         1.52           74.56                        74.56    12/12/25    Optics 4 Birding LLC
5036    1002452        1,108.52        22.17        1,086.35                     1,086.35    12/12/25
5036    1003546        1,074.10        21.48        1,052.62                     1,052.62    12/12/25
                   ------------    ---------    ------------    ---------    ------------
                       2,258.70        45.17        2,213.53                     2,213.53                Optics 4 Birding LLC

5057    1007486        2,196.93        43.94        2,152.99        21.97        2,131.02    12/12/25    Oberwerk
5057    1008167        5,170.32       103.41        5,066.91        51.70        5,015.21    12/12/25
                   ------------    ---------    ------------    ---------    ------------
                       7,367.25       147.35        7,219.90        73.67        7,146.23                Oberwerk

5105    1002830          982.01        19.64          962.37                       962.37    12/12/25    Filmtools
5105    1002927           10.87         0.22           10.65                        10.65    12/12/25
5105    1002930          271.09         5.42          265.67                       265.67    12/12/25
5105    1002932          203.06         4.06          199.00                       199.00    12/12/25
5105    1003910          912.12        18.24          893.88                       893.88    12/12/25
5105    1004331          317.33         6.35          310.98                       310.98    12/12/25
5105    1004393          303.24         6.06          297.18                       297.18    12/12/25
5105    1004519         -159.83                      -159.83                      -159.83    12/12/25
                   ------------    ---------    ------------    ---------    ------------
                       2,839.89        59.99        2,779.90                     2,779.90                Filmtools

5108    1007786        9,942.39       198.85        9,743.54        99.42        9,644.12    12/12/25    Laser Products Industries
                   ------------    ---------    ------------    ---------    ------------
                       9,942.39       198.85        9,743.54        99.42        9,644.12                Laser Products Industries

5132    1007477          242.46         4.85          237.61         2.42          235.19    12/12/25    Hoyer's LLC
5132    1007825          659.52        13.19          646.33         6.60          639.73    12/12/25
                   ------------    ---------    ------------    ---------    ------------
                         901.98        18.04          883.94         9.02          874.92                Hoyer's LLC

5219     999580          582.08        11.64          570.44                       570.44    12/12/25    17th Street Photo Supply
5219     999942           61.41         1.23           60.18                        60.18    12/12/25
5219     999974          420.79         8.42          412.37                       412.37    12/12/25
5219    1005328        1,431.00        28.62        1,402.38                     1,402.38    12/12/25
                   ------------    ---------    ------------    ---------    ------------
                       2,495.28        49.91        2,445.37                     2,445.37                17th Street Photo Supply

                   ============    =========    ============    =========    ============
                   1,485,762.77     5,664.20    1,480,098.57    11,341.39    1,469,727.29


1300 records listed.

